{
  "id": "cY8OVKzHS0ScRhP9",
  "meta": {
    "instanceId": "workflow-1db9bd67",
    "versionId": "1.0.0",
    "createdAt": "2025-09-29T07:07:43.710208",
    "updatedAt": "2025-09-29T07:07:43.710227",
    "owner": "n8n-user",
    "license": "MIT",
    "category": "automation",
    "status": "active",
    "priority": "high",
    "environment": "production"
  },
  "name": "puq-docker-n8n-deploy",
  "tags": [
    "automation",
    "n8n",
    "production-ready",
    "excellent",
    "optimized"
  ],
  "nodes": [
    {
      "id": "fc30f537-51d2-45df-b1c4-5d4cd9d80a0e",
      "name": "If Node",
      "type": "n8n-nodes-base.if",
      "position": [
        -2060,
        -320
      ],
      "parameters": {
        "options": {},
        "conditions": {
          "options": {
            "version": 2,
            "leftValue": "",
            "caseSensitive": true,
            "typeValidation": "strict"
          },
          "combinator": "or",
          "conditions": [
            {
              "id": "b702e607-888a-42c9-b9a7-f9d2a64dfccd",
              "operator": {
                "type": "string",
                "operation": "equals"
              },
              "leftValue": "={{ $json.server_domain }}",
              "rightValue": "={{ $('API').item.json.body.server_domain }}"
            }
          ]
        }
      },
      "typeVersion": 2.2,
      "notes": "This if node performs automated tasks as part of the workflow."
    },
    {
      "id": "6152fc38-2e50-4db5-b6f6-6e7d2492bbb1",
      "name": "Parametrs",
      "type": "n8n-nodes-base.set",
      "position": [
        -2280,
        -320
      ],
      "parameters": {
        "options": {},
        "assignments": {
          "assignments": [
            {
              "id": "a6328600-7ee0-4031-9bdb-fcee99b79658",
              "name": "server_domain",
              "type": "string",
              "value": "d01-test.uuq.pl"
            },
            {
              "id": "370ddc4e-0fc0-48f6-9b30-ebdfba72c62f",
              "name": "clients_dir",
              "type": "string",
              "value": "/opt/docker/clients"
            },
            {
              "id": "92202bb8-6113-4bc5-9a29-79d238456df2",
              "name": "mount_dir",
              "type": "string",
              "value": "/mnt"
            },
            {
              "id": "baa52df2-9c10-42b2-939f-f05ea85ea2be",
              "name": "screen_left",
              "type": "string",
              "value": "{{"
            },
            {
              "id": "2b19ed99-2630-412a-98b6-4be44d35d2e7",
              "name": "screen_right",
              "type": "string",
              "value": "}}"
            }
          ]
        }
      },
      "typeVersion": 3.4,
      "notes": "This set node performs automated tasks as part of the workflow."
    },
    {
      "id": "cf1b3eea-0439-418b-8c68-f7e45ddfbc7e",
      "name": "API",
      "type": "n8n-nodes-base.webhook",
      "position": [
        -2600,
        -320
      ],
      "webhookId": "4e8168b3-2cad-462a-9750-152986331ce2",
      "parameters": {
        "path": "docker-n8n",
        "options": {},
        "httpMethod": [
          "POST"
        ],
        "responseMode": "responseNode",
        "authentication": "{{ $credentials.basicAuth }}",
        "multipleMethods": true
      },
      "credentials": {
        "httpBasicAuth": {
          "id": "fiFY4Gv1SsaJfJvv",
          "name": "n8n"
        }
      },
      "typeVersion": 2,
      "notes": "This webhook node performs automated tasks as part of the workflow."
    },
    {
      "id": "516ac020-add2-4b08-ae91-bfb95dec2f88",
      "name": "422-Invalid server domain",
      "type": "n8n-nodes-base.respondToWebhook",
      "position": [
        -2100,
        0
      ],
      "parameters": {
        "options": {
          "responseCode": 422
        },
        "respondWith": "json",
        "responseBody": "[{\n  \"status\": \"error\",\n  \"error\": \"Invalid server domain\"\n}]"
      },
      "typeVersion": 1.1,
      "alwaysOutputData": false,
      "notes": "This respondToWebhook node performs automated tasks as part of the workflow."
    },
    {
      "id": "4e50cf8e-cfa7-4249-a847-9f8ff27664e4",
      "name": "Code1",
      "type": "n8n-nodes-base.code",
      "position": [
        100,
        100
      ],
      "parameters": {
        "mode": "runOnceForEachItem",
        "jsCode": "try {\n  if ($json.stdout === 'success') {\n    return {\n      json: {\n        status: 'success',\n        message: '',\n        data: '',\n      }\n    };\n  }\n\n  const parsedData = JSON.parse($json.stdout);\n\n  return {\n    json: {\n      status: parsedData.status === 'error' ? 'error' : 'success',\n      message: parsedData.message || (parsedData.status === 'error' ? 'An error occurred' : ''),\n      data: parsedData || '',\n    }\n  };\n\n} catch (error) {\n  return {\n    json: {\n      status: 'error',\n      message: $json.stdout,\n      data: '',\n    }\n  };\n}"
      },
      "executeOnce": false,
      "retryOnFail": false,
      "typeVersion": 2,
      "alwaysOutputData": false,
      "notes": "This code node performs automated tasks as part of the workflow."
    },
    {
      "id": "c7575c21-00dc-4238-95aa-3e20ff5d21a3",
      "name": "SSH",
      "type": "n8n-nodes-base.ssh",
      "onError": "continueErrorOutput",
      "position": [
        -180,
        100
      ],
      "parameters": {
        "cwd": "=/",
        "command": "={{ $json.sh }}"
      },
      "credentials": {
        "sshPassword": {
          "id": "Cyjy61UWHwD2Xcd8",
          "name": "d01-test.uuq.pl-puq"
        }
      },
      "executeOnce": true,
      "typeVersion": 1,
      "notes": "This ssh node performs automated tasks as part of the workflow."
    },
    {
      "id": "2e017042-f991-45c7-afc4-ffdfcded4003",
      "name": "Container Actions",
      "type": "n8n-nodes-base.switch",
      "position": [
        -1680,
        580
      ],
      "parameters": {
        "rules": {
          "values": [
            {
              "outputKey": "YOUR_CREDENTIAL_HERE",
              "conditions": {
                "options": {
                  "version": 2,
                  "leftValue": "",
                  "caseSensitive": true,
                  "typeValidation": "strict"
                },
                "combinator": "and",
                "conditions": [
                  {
                    "id": "66ad264d-5393-410c-bfa3-011ab8eb234a",
                    "operator": {
                      "name": "filter.operator.equals",
                      "type": "string",
                      "operation": "equals"
                    },
                    "leftValue": "={{ $('API').item.json.body.command }}",
                    "rightValue": "container_start"
                  }
                ]
              },
              "renameOutput": true
            },
            {
              "outputKey": "YOUR_CREDENTIAL_HERE",
              "conditions": {
                "options": {
                  "version": 2,
                  "leftValue": "",
                  "caseSensitive": true,
                  "typeValidation": "strict"
                },
                "combinator": "and",
                "conditions": [
                  {
                    "id": "b48957a0-22c0-4ac0-82ef-abd9e7ab0207",
                    "operator": {
                      "name": "filter.operator.equals",
                      "type": "string",
                      "operation": "equals"
                    },
                    "leftValue": "={{ $('API').item.json.body.command }}",
                    "rightValue": "container_stop"
                  }
                ]
              },
              "renameOutput": true
            },
            {
              "outputKey": "YOUR_CREDENTIAL_HERE",
              "conditions": {
                "options": {
                  "version": 2,
                  "leftValue": "",
                  "caseSensitive": true,
                  "typeValidation": "strict"
                },
                "combinator": "and",
                "conditions": [
                  {
                    "id": "727971bf-4218-41c1-9b07-22df4b947852",
                    "operator": {
                      "name": "filter.operator.equals",
                      "type": "string",
                      "operation": "equals"
                    },
                    "leftValue": "={{ $('API').item.json.body.command }}",
                    "rightValue": "container_mount_disk"
                  }
                ]
              },
              "renameOutput": true
            },
            {
              "outputKey": "YOUR_CREDENTIAL_HERE",
              "conditions": {
                "options": {
                  "version": 2,
                  "leftValue": "",
                  "caseSensitive": true,
                  "typeValidation": "strict"
                },
                "combinator": "and",
                "conditions": [
                  {
                    "id": "0c80b1d9-e7ca-4cf3-b3ac-b40fdf4dd8f8",
                    "operator": {
                      "name": "filter.operator.equals",
                      "type": "string",
                      "operation": "equals"
                    },
                    "leftValue": "={{ $('API').item.json.body.command }}",
                    "rightValue": "container_unmount_disk"
                  }
                ]
              },
              "renameOutput": true
            },
            {
              "outputKey": "YOUR_CREDENTIAL_HERE",
              "conditions": {
                "options": {
                  "version": 2,
                  "leftValue": "",
                  "caseSensitive": true,
                  "typeValidation": "strict"
                },
                "combinator": "and",
                "conditions": [
                  {
                    "id": "138c5436-dd66-48d4-bca4-6af6c80cd903",
                    "operator": {
                      "name": "filter.operator.equals",
                      "type": "string",
                      "operation": "equals"
                    },
                    "leftValue": "={{ $('API').item.json.body.command }}",
                    "rightValue": "container_get_acl"
                  }
                ]
              },
              "renameOutput": true
            },
            {
              "outputKey": "YOUR_CREDENTIAL_HERE",
              "conditions": {
                "options": {
                  "version": 2,
                  "leftValue": "",
                  "caseSensitive": true,
                  "typeValidation": "strict"
                },
                "combinator": "and",
                "conditions": [
                  {
                    "id": "fa39e80b-4aa4-4cd3-af3c-14acfa9cf2d8",
                    "operator": {
                      "name": "filter.operator.equals",
                      "type": "string",
                      "operation": "equals"
                    },
                    "leftValue": "={{ $('API').item.json.body.command }}",
                    "rightValue": "container_set_acl"
                  }
                ]
              },
              "renameOutput": true
            },
            {
              "outputKey": "YOUR_CREDENTIAL_HERE",
              "conditions": {
                "options": {
                  "version": 2,
                  "leftValue": "",
                  "caseSensitive": true,
                  "typeValidation": "strict"
                },
                "combinator": "and",
                "conditions": [
                  {
                    "id": "46b0d65f-20d6-467a-94fb-407370d967f7",
                    "operator": {
                      "name": "filter.operator.equals",
                      "type": "string",
                      "operation": "equals"
                    },
                    "leftValue": "={{ $('API').item.json.body.command }}",
                    "rightValue": "container_get_net"
                  }
                ]
              },
              "renameOutput": true
            }
          ]
        },
        "options": {}
      },
      "typeVersion": 3.2,
      "notes": "This switch node performs automated tasks as part of the workflow."
    },
    {
      "id": "2fdb7b98-d6f8-44b4-917b-1ed2bb0e65f8",
      "name": "Service Actions",
      "type": "n8n-nodes-base.switch",
      "position": [
        -1240,
        -1140
      ],
      "parameters": {
        "rules": {
          "values": [
            {
              "outputKey": "YOUR_CREDENTIAL_HERE",
              "conditions": {
                "options": {
                  "version": 2,
                  "leftValue": "",
                  "caseSensitive": true,
                  "typeValidation": "strict"
                },
                "combinator": "and",
                "conditions": [
                  {
                    "id": "3afdd2f1-fe93-47c2-95cd-bac9b1d94eeb",
                    "operator": {
                      "name": "filter.operator.equals",
                      "type": "string",
                      "operation": "equals"
                    },
                    "leftValue": "={{ $('API').item.json.body.command }}",
                    "rightValue": "test_connection"
                  }
                ]
              },
              "renameOutput": true
            },
            {
              "outputKey": "YOUR_CREDENTIAL_HERE",
              "conditions": {
                "options": {
                  "version": 2,
                  "leftValue": "",
                  "caseSensitive": true,
                  "typeValidation": "strict"
                },
                "combinator": "and",
                "conditions": [
                  {
                    "id": "102f10e9-ec6c-4e63-ba95-0fe6c7dc0bd1",
                    "operator": {
                      "type": "string",
                      "operation": "equals"
                    },
                    "leftValue": "={{ $('API').item.json.body.command }}",
                    "rightValue": "create"
                  }
                ]
              },
              "renameOutput": true
            },
            {
              "outputKey": "YOUR_CREDENTIAL_HERE",
              "conditions": {
                "options": {
                  "version": 2,
                  "leftValue": "",
                  "caseSensitive": true,
                  "typeValidation": "strict"
                },
                "combinator": "and",
                "conditions": [
                  {
                    "id": "f62dfa34-6751-4b34-adcc-3d6ba1b21a8c",
                    "operator": {
                      "name": "filter.operator.equals",
                      "type": "string",
                      "operation": "equals"
                    },
                    "leftValue": "={{ $('API').item.json.body.command }}",
                    "rightValue": "suspend"
                  }
                ]
              },
              "renameOutput": true
            },
            {
              "outputKey": "YOUR_CREDENTIAL_HERE",
              "conditions": {
                "options": {
                  "version": 2,
                  "leftValue": "",
                  "caseSensitive": true,
                  "typeValidation": "strict"
                },
                "combinator": "and",
                "conditions": [
                  {
                    "id": "384d2026-b753-4c27-94c2-8f4fc189eb5f",
                    "operator": {
                      "name": "filter.operator.equals",
                      "type": "string",
                      "operation": "equals"
                    },
                    "leftValue": "={{ $('API').item.json.body.command }}",
                    "rightValue": "unsuspend"
                  }
                ]
              },
              "renameOutput": true
            },
            {
              "outputKey": "YOUR_CREDENTIAL_HERE",
              "conditions": {
                "options": {
                  "version": 2,
                  "leftValue": "",
                  "caseSensitive": true,
                  "typeValidation": "strict"
                },
                "combinator": "and",
                "conditions": [
                  {
                    "id": "0e190a97-827a-4e87-8222-093ff7048b21",
                    "operator": {
                      "name": "filter.operator.equals",
                      "type": "string",
                      "operation": "equals"
                    },
                    "leftValue": "={{ $('API').item.json.body.command }}",
                    "rightValue": "terminate"
                  }
                ]
              },
              "renameOutput": true
            },
            {
              "outputKey": "YOUR_CREDENTIAL_HERE",
              "conditions": {
                "options": {
                  "version": 2,
                  "leftValue": "",
                  "caseSensitive": true,
                  "typeValidation": "strict"
                },
                "combinator": "and",
                "conditions": [
                  {
                    "id": "6f7832f3-b61d-4517-ab6b-6007998136dd",
                    "operator": {
                      "name": "filter.operator.equals",
                      "type": "string",
                      "operation": "equals"
                    },
                    "leftValue": "={{ $('API').item.json.body.command }}",
                    "rightValue": "change_package"
                  }
                ]
              },
              "renameOutput": true
            }
          ]
        },
        "options": {}
      },
      "typeVersion": 3.2,
      "notes": "This switch node performs automated tasks as part of the workflow."
    },
    {
      "id": "ac5541f1-94e4-4c7e-a3a5-58b56b9e1ea8",
      "name": "Container Stats",
      "type": "n8n-nodes-base.switch",
      "position": [
        -1680,
        -340
      ],
      "parameters": {
        "rules": {
          "values": [
            {
              "outputKey": "YOUR_CREDENTIAL_HERE",
              "conditions": {
                "options": {
                  "version": 2,
                  "leftValue": "",
                  "caseSensitive": true,
                  "typeValidation": "strict"
                },
                "combinator": "and",
                "conditions": [
                  {
                    "id": "66ad264d-5393-410c-bfa3-011ab8eb234a",
                    "operator": {
                      "name": "filter.operator.equals",
                      "type": "string",
                      "operation": "equals"
                    },
                    "leftValue": "={{ $('API').item.json.body.command }}",
                    "rightValue": "container_information_inspect"
                  }
                ]
              },
              "renameOutput": true
            },
            {
              "outputKey": "YOUR_CREDENTIAL_HERE",
              "conditions": {
                "options": {
                  "version": 2,
                  "leftValue": "",
                  "caseSensitive": true,
                  "typeValidation": "strict"
                },
                "combinator": "and",
                "conditions": [
                  {
                    "id": "b48957a0-22c0-4ac0-82ef-abd9e7ab0207",
                    "operator": {
                      "name": "filter.operator.equals",
                      "type": "string",
                      "operation": "equals"
                    },
                    "leftValue": "={{ $('API').item.json.body.command }}",
                    "rightValue": "container_information_stats"
                  }
                ]
              },
              "renameOutput": true
            },
            {
              "outputKey": "YOUR_CREDENTIAL_HERE",
              "conditions": {
                "options": {
                  "version": 2,
                  "leftValue": "",
                  "caseSensitive": true,
                  "typeValidation": "strict"
                },
                "combinator": "and",
                "conditions": [
                  {
                    "id": "50ede522-af22-4b7a-b1fd-34b27fd3fadd",
                    "operator": {
                      "name": "filter.operator.equals",
                      "type": "string",
                      "operation": "equals"
                    },
                    "leftValue": "={{ $('API').item.json.body.command }}",
                    "rightValue": "container_log"
                  }
                ]
              },
              "renameOutput": true
            }
          ]
        },
        "options": {}
      },
      "typeVersion": 3.2,
      "notes": "This switch node performs automated tasks as part of the workflow."
    },
    {
      "id": "33dab9ef-121f-4b8a-af2b-7e1151ebd95f",
      "name": "API answer",
      "type": "n8n-nodes-base.respondToWebhook",
      "position": [
        400,
        100
      ],
      "parameters": {
        "options": {
          "responseCode": 200
        },
        "respondWith": "allIncomingItems"
      },
      "typeVersion": 1.1,
      "alwaysOutputData": true,
      "notes": "This respondToWebhook node performs automated tasks as part of the workflow."
    },
    {
      "id": "3b8ae835-901c-44b5-9635-7c1d92509704",
      "name": "Inspect",
      "type": "n8n-nodes-base.set",
      "onError": "continueRegularOutput",
      "position": [
        -1360,
        -540
      ],
      "parameters": {
        "options": {},
        "assignments": {
          "assignments": [
            {
              "id": "21f4453e-c136-4388-be90-1411ae78e8a5",
              "name": "sh",
              "type": "string",
              "value": "=#!/bin/bash\n\nCOMPOSE_DIR=\"{{ $('Parametrs').item.json.clients_dir }}/{{ $('API').item.json.body.domain }}\"\nCONTAINER_NAME=\"{{ $('API').item.json.body.domain }}\"\n\nINSPECT_JSON=\"{}\"\nif sudo docker ps -a --filter \"name=$CONTAINER_NAME\" | grep -q \"$CONTAINER_NAME\"; then\n  INSPECT_JSON=$(sudo docker inspect \"$CONTAINER_NAME\")\nfi\n\necho \"{\\\"inspect\\\": $INSPECT_JSON}\"\n\nexit 0\n"
            }
          ]
        }
      },
      "typeVersion": 3.4,
      "alwaysOutputData": true,
      "notes": "This set node performs automated tasks as part of the workflow."
    },
    {
      "id": "8193cb7c-50eb-49d3-a4d3-1c0b7686a1b1",
      "name": "Stat",
      "type": "n8n-nodes-base.set",
      "onError": "continueRegularOutput",
      "position": [
        -1360,
        -340
      ],
      "parameters": {
        "options": {},
        "assignments": {
          "assignments": [
            {
              "id": "21f4453e-c136-4388-be90-1411ae78e8a5",
              "name": "sh",
              "type": "string",
              "value": "=#!/bin/bash\n\nCOMPOSE_DIR=\"{{ $('Parametrs').item.json.clients_dir }}/{{ $('API').item.json.body.domain }}\"\nSTATUS_FILE=\"$COMPOSE_DIR/status.json\"\nIMG_FILE=\"$COMPOSE_DIR/data.img\"\nMOUNT_DIR=\"{{ $('Parametrs').item.json.mount_dir }}/{{ $('API').item.json.body.domain }}\"\nCONTAINER_NAME=\"{{ $('API').item.json.body.domain }}\"\n\n# Initialize empty container data\nINSPECT_JSON=\"{}\"\nSTATS_JSON=\"{}\"\n\n# Check if container is running\nif sudo docker ps -a --filter \"name=$CONTAINER_NAME\" | grep -q \"$CONTAINER_NAME\"; then\n  # Get Docker inspect info in JSON (as raw string)\n  INSPECT_JSON=$(sudo docker inspect \"$CONTAINER_NAME\")\n\n  # Get Docker stats info in JSON (as raw string)\n  STATS_JSON=$(sudo docker stats --no-stream --format \"{{ $('Parametrs').item.json.screen_left }}json .{{ $('Parametrs').item.json.screen_right }}\" \"$CONTAINER_NAME\")\n  STATS_JSON=${STATS_JSON:-'{}'}\nfi\n\n# Initialize disk info variables\nMOUNT_USED=\"N/A\"\nMOUNT_FREE=\"N/A\"\nMOUNT_TOTAL=\"N/A\"\nMOUNT_PERCENT=\"N/A\"\nIMG_SIZE=\"N/A\"\nIMG_PERCENT=\"N/A\"\nDISK_STATS_IMG=\"N/A\"\n\n# Check if mount directory exists and is accessible\nif [ -d \"$MOUNT_DIR\" ]; then\n  if mount | grep -q \"$MOUNT_DIR\"; then\n    # Get disk usage for mounted directory\n    DISK_STATS_MOUNT=$(df -h \"$MOUNT_DIR\" | tail -n 1)\n    MOUNT_USED=$(echo \"$DISK_STATS_MOUNT\" | awk '{print $3}')\n    MOUNT_FREE=$(echo \"$DISK_STATS_MOUNT\" | awk '{print $4}')\n    MOUNT_TOTAL=$(echo \"$DISK_STATS_MOUNT\" | awk '{print $2}')\n    MOUNT_PERCENT=$(echo \"$DISK_STATS_MOUNT\" | awk '{print $5}')\n  fi\nfi\n\n# Check if image file exists\nif [ -f \"$IMG_FILE\" ]; then\n  # Get disk usage for image file\n  IMG_SIZE=$(du -sh \"$IMG_FILE\" | awk '{print $1}')\nfi\n\n# Manually create a combined JSON object\nFINAL_JSON=\"{\\\"inspect\\\": $INSPECT_JSON, \\\"stats\\\": $STATS_JSON, \\\"disk\\\": {\\\"mounted\\\": {\\\"used\\\": \\\"$MOUNT_USED\\\", \\\"free\\\": \\\"$MOUNT_FREE\\\", \\\"total\\\": \\\"$MOUNT_TOTAL\\\", \\\"percent\\\": \\\"$MOUNT_PERCENT\\\"}, \\\"img_file\\\": {\\\"size\\\": \\\"$IMG_SIZE\\\"}}}\"\n\n# Output the result\necho \"$FINAL_JSON\"\n\nexit 0"
            }
          ]
        }
      },
      "typeVersion": 3.4,
      "alwaysOutputData": true,
      "notes": "This set node performs automated tasks as part of the workflow."
    },
    {
      "id": "1888734f-11a9-47a1-8353-c6b2862ff437",
      "name": "Start",
      "type": "n8n-nodes-base.set",
      "onError": "continueRegularOutput",
      "position": [
        -1200,
        240
      ],
      "parameters": {
        "options": {},
        "assignments": {
          "assignments": [
            {
              "id": "21f4453e-c136-4388-be90-1411ae78e8a5",
              "name": "sh",
              "type": "string",
              "value": "=#!/bin/bash\n\nCOMPOSE_DIR=\"{{ $('Parametrs').item.json.clients_dir }}/{{ $('API').item.json.body.domain }}\"\nSTATUS_FILE=\"$COMPOSE_DIR/status.json\"\nIMG_FILE=\"$COMPOSE_DIR/data.img\"\nMOUNT_DIR=\"{{ $('Parametrs').item.json.mount_dir }}/{{ $('API').item.json.body.domain }}\"\n\n# Function to log an error, write to status file, and print to console\nhandle_error() {\n    echo \"error: $1\"\n    exit 1\n}\n\nif ! df -h | grep -q \"$MOUNT_DIR\"; then\n    handle_error \"The file $IMG_FILE is not mounted to $MOUNT_DIR\"\nfi\n\nif sudo docker ps --filter \"name={{ $('API').item.json.body.domain }}\" --filter \"status=running\" -q | grep -q .; then\n    handle_error \"{{ $('API').item.json.body.domain }} container is running\"\nfi\n\n# Change to the compose directory\ncd \"$COMPOSE_DIR\" > /dev/null 2>&1 || handle_error \"Failed to change directory to $COMPOSE_DIR\"\n\n# Start the Docker containers\nif ! sudo docker-compose up -d > /dev/null 2>error.log; then\n    ERROR_MSG=$(tail -n 10 error.log)\n    handle_error \"Docker-compose failed: $ERROR_MSG\"\nfi\n\n# Success\necho \"success\"\n\nexit 0\n"
            }
          ]
        }
      },
      "typeVersion": 3.4,
      "alwaysOutputData": true,
      "notes": "This set node performs automated tasks as part of the workflow."
    },
    {
      "id": "e9886d6a-c537-4a1e-b2d4-1c4bfaf379e3",
      "name": "Stop",
      "type": "n8n-nodes-base.set",
      "onError": "continueRegularOutput",
      "position": [
        -1080,
        340
      ],
      "parameters": {
        "options": {},
        "assignments": {
          "assignments": [
            {
              "id": "21f4453e-c136-4388-be90-1411ae78e8a5",
              "name": "sh",
              "type": "string",
              "value": "=#!/bin/bash\n\nCOMPOSE_DIR=\"{{ $('Parametrs').item.json.clients_dir }}/{{ $('API').item.json.body.domain }}\"\nSTATUS_FILE=\"$COMPOSE_DIR/status.json\"\nIMG_FILE=\"$COMPOSE_DIR/data.img\"\nMOUNT_DIR=\"{{ $('Parametrs').item.json.mount_dir }}/{{ $('API').item.json.body.domain }}\"\n\n# Function to log an error, write to status file, and print to console\nhandle_error() {\n    echo \"error: $1\"\n    exit 1\n}\n\n# Check if Docker container is running\nif ! sudo docker ps --filter \"name={{ $('API').item.json.body.domain }}\" --filter \"status=running\" -q | grep -q .; then\n    handle_error \"{{ $('API').item.json.body.domain }} container is not running\"\nfi\n\n# Stop and remove the Docker containers (also remove associated volumes)\nif ! sudo docker-compose -f \"$COMPOSE_DIR/docker-compose.yml\" down > /dev/null 2>&1; then\n    handle_error \"Failed to stop and remove docker-compose containers\"\nfi\n\necho \"success\"\n\nexit 0\n"
            }
          ]
        }
      },
      "typeVersion": 3.4,
      "alwaysOutputData": true,
      "notes": "This set node performs automated tasks as part of the workflow."
    },
    {
      "id": "07ff56b6-6b49-4215-9801-2c13124e0023",
      "name": "Test Connection1",
      "type": "n8n-nodes-base.set",
      "onError": "continueRegularOutput",
      "position": [
        -660,
        -1140
      ],
      "parameters": {
        "options": {},
        "assignments": {
          "assignments": [
            {
              "id": "21f4453e-c136-4388-be90-1411ae78e8a5",
              "name": "sh",
              "type": "string",
              "value": "=#!/bin/bash\n\n# Function to log an error, print to console\nhandle_error() {\n    echo \"error: $1\"\n    exit 1\n}\n\n# Check if Docker is installed\nif ! command -v docker &> /dev/null; then\n    handle_error \"Docker is not installed\"\nfi\n\n# Check if Docker service is running\nif ! systemctl is-active --quiet docker; then\n    handle_error \"Docker service is not running\"\nfi\n\n# Check if nginx-proxy container is running\nif ! sudo docker ps --filter \"name=nginx-proxy\" --filter \"status=running\" -q > /dev/null; then\n    handle_error \"nginx-proxy container is not running\"\nfi\n\n# Check if letsencrypt-nginx-proxy-companion container is running\nif ! sudo docker ps --filter \"name=letsencrypt-nginx-proxy-companion\" --filter \"status=running\" -q > /dev/null; then\n    handle_error \"letsencrypt-nginx-proxy-companion container is not running\"\nfi\n\n# If everything is successful\necho \"success\"\n\nexit 0\n"
            }
          ]
        }
      },
      "typeVersion": 3.4,
      "alwaysOutputData": true,
      "notes": "This set node performs automated tasks as part of the workflow."
    },
    {
      "id": "e8ad165b-fb70-41fe-938d-5f600c57d1d0",
      "name": "Deploy",
      "type": "n8n-nodes-base.set",
      "onError": "continueRegularOutput",
      "position": [
        -660,
        -980
      ],
      "parameters": {
        "options": {},
        "assignments": {
          "assignments": [
            {
              "id": "21f4453e-c136-4388-be90-1411ae78e8a5",
              "name": "sh",
              "type": "string",
              "value": "=#!/bin/bash\n\n# Get values for variables from templates\nDOMAIN=\"{{ $('API').item.json.body.domain }}\"\nCOMPOSE_DIR=\"{{ $('Parametrs').item.json.clients_dir }}/$DOMAIN\"\nCOMPOSE_FILE=\"$COMPOSE_DIR/docker-compose.yml\"\nSTATUS_FILE=\"$COMPOSE_DIR/status\"\nIMG_FILE=\"$COMPOSE_DIR/data.img\"\nNGINX_DIR=\"$COMPOSE_DIR/nginx\"\nVHOST_DIR=\"/opt/docker/nginx-proxy/nginx/vhost.d\"\nMOUNT_DIR=\"{{ $('Parametrs').item.json.mount_dir }}/$DOMAIN\"\nDOCKER_COMPOSE_TEXT='{{ $('Deploy-docker-compose').item.json[\"docker-compose\"] }}'\n\nNGINX_MAIN_ACL_FILE=\"$NGINX_DIR/$DOMAIN\"_acl\n\nNGINX_MAIN_TEXT='{{ $('nginx').item.json['main'] }}'\nNGINX_MAIN_FILE=\"$NGINX_DIR/$DOMAIN\"\nVHOST_MAIN_FILE=\"$VHOST_DIR/$DOMAIN\"\n\nNGINX_MAIN_LOCATION_TEXT='{{ $('nginx').item.json['main_location'] }}'\nNGINX_MAIN_LOCATION_FILE=\"$NGINX_DIR/$DOMAIN\"_location\nVHOST_MAIN_LOCATION_FILE=\"$VHOST_DIR/$DOMAIN\"_location\n\nDISK_SIZE=\"{{ $('API').item.json.body.disk }}\"\n\n# Function to handle errors: write to the status file and print the message to console\nhandle_error() {\n    STATUS_JSON=\"{\\\"status\\\": \\\"error\\\", \\\"message\\\": \\\"$1\\\"}\"\n    echo \"$STATUS_JSON\" | sudo tee \"$STATUS_FILE\" > /dev/null  # Write error to the status file\n    echo \"error: $1\"  # Print the error message to the console\n    exit 1  # Exit the script with an error code\n}\n\n# Check if the directory already exists. If yes, exit with an error.\nif [ -d \"$COMPOSE_DIR\" ]; then\n    echo \"error: Directory $COMPOSE_DIR already exists\"\n    exit 1\nfi\n\n# Create necessary directories with permissions\nsudo mkdir -p \"$COMPOSE_DIR\" > /dev/null 2>&1 || handle_error \"Failed to create $COMPOSE_DIR\"\nsudo mkdir -p \"$NGINX_DIR\" > /dev/null 2>&1 || handle_error \"Failed to create $NGINX_DIR\"\nsudo mkdir -p \"$MOUNT_DIR\" > /dev/null 2>&1 || handle_error \"Failed to create $MOUNT_DIR\"\n\n# Set permissions on the created directories\nsudo chmod -R 777 \"$COMPOSE_DIR\" > /dev/null 2>&1 || handle_error \"Failed to set permissions on $COMPOSE_DIR\"\nsudo chmod -R 777 \"$NGINX_DIR\" > /dev/null 2>&1 || handle_error \"Failed to set permissions on $NGINX_DIR\"\nsudo chmod -R 777 \"$MOUNT_DIR\" > /dev/null 2>&1 || handle_error \"Failed to set permissions on $MOUNT_DIR\"\n\n# Create docker-compose.yml file\necho \"$DOCKER_COMPOSE_TEXT\" | sudo tee \"$COMPOSE_FILE\" > /dev/null 2>&1 || handle_error \"Failed to create $COMPOSE_FILE\"\n\n# Create NGINX configuration files\necho \"\" | sudo tee \"$NGINX_MAIN_ACL_FILE\" > /dev/null 2>&1 || handle_error \"Failed to create $NGINX_MAIN_ACL_FILE\"\n\necho \"$NGINX_MAIN_TEXT\" | sudo tee \"$NGINX_MAIN_FILE\" > /dev/null 2>&1 || handle_error \"Failed to create $NGINX_MAIN_FILE\"\necho \"$NGINX_MAIN_LOCATION_TEXT\" | sudo tee \"$NGINX_MAIN_LOCATION_FILE\" > /dev/null 2>&1 || handle_error \"Failed to create $NGINX_MAIN_LOCATION_FILE\"\n\n# Change to the compose directory\ncd \"$COMPOSE_DIR\" > /dev/null 2>&1 || handle_error \"Failed to change directory to $COMPOSE_DIR\"\n\n# Create data.img file if it doesn't exist\nif [ ! -f \"$IMG_FILE\" ]; then\n    sudo fallocate -l \"$DISK_SIZE\"G \"$IMG_FILE\" > /dev/null 2>&1 || sudo truncate -s \"$DISK_SIZE\"G \"$IMG_FILE\" > /dev/null 2>&1 || handle_error \"Failed to create $IMG_FILE\"\n    sudo mkfs.ext4 \"$IMG_FILE\" > /dev/null 2>&1 || handle_error \"Failed to format $IMG_FILE\"  # Format the image as ext4\n    sync  # Synchronize the data to disk\nfi\n\n# Add an entry to /etc/fstab for mounting if not already present\nif ! grep -q \"$IMG_FILE\" /etc/fstab; then\n    echo \"$IMG_FILE $MOUNT_DIR ext4 loop 0 0\" | sudo tee -a /etc/fstab > /dev/null || handle_error \"Failed to add entry to /etc/fstab\"\nfi\n\n# Mount all entries in /etc/fstab\nsudo mount -a || handle_error \"Failed to mount entries from /etc/fstab\"\n\n# Set permissions on the mount directory\nsudo chmod -R 777 \"$MOUNT_DIR\" > /dev/null 2>&1 || handle_error \"Failed to set permissions on $MOUNT_DIR\"\n\n# Copy NGINX configuration files instead of creating symbolic links\nsudo cp -f \"$NGINX_MAIN_FILE\" \"$VHOST_MAIN_FILE\" || handle_error \"Failed to copy $NGINX_MAIN_FILE to $VHOST_MAIN_FILE\"\nsudo chmod 777 \"$VHOST_MAIN_FILE\" || handle_error \"Failed to set permissions on $VHOST_MAIN_FILE\"\n\nsudo cp -f \"$NGINX_MAIN_LOCATION_FILE\" \"$VHOST_MAIN_LOCATION_FILE\" || handle_error \"Failed to copy $NGINX_MAIN_LOCATION_FILE to $VHOST_MAIN_LOCATION_FILE\"\nsudo chmod 777 \"$VHOST_MAIN_LOCATION_FILE\" || handle_error \"Failed to set permissions on $VHOST_MAIN_LOCATION_FILE\"\n\n# Start Docker containers using docker-compose\nif ! sudo docker-compose up -d > /dev/null 2>error.log; then\n    ERROR_MSG=$(tail -n 10 error.log)  # Read the last 10 lines from error.log\n    handle_error \"Docker-compose failed: $ERROR_MSG\"\nfi\n\n# If everything is successful, update the status file and print success message\necho \"active\" | sudo tee \"$STATUS_FILE\" > /dev/null\necho \"success\"\n\nexit 0\n"
            }
          ]
        }
      },
      "typeVersion": 3.4,
      "alwaysOutputData": true,
      "notes": "This set node performs automated tasks as part of the workflow."
    },
    {
      "id": "a6346a99-545f-4873-ac41-8c25941f34e9",
      "name": "Suspend",
      "type": "n8n-nodes-base.set",
      "onError": "continueRegularOutput",
      "position": [
        -660,
        -820
      ],
      "parameters": {
        "options": {},
        "assignments": {
          "assignments": [
            {
              "id": "21f4453e-c136-4388-be90-1411ae78e8a5",
              "name": "sh",
              "type": "string",
              "value": "=#!/bin/bash\n\nDOMAIN=\"{{ $('API').item.json.body.domain }}\"\nCOMPOSE_DIR=\"{{ $('Parametrs').item.json.clients_dir }}/$DOMAIN\"\nCOMPOSE_FILE=\"$COMPOSE_DIR/docker-compose.yml\"\nSTATUS_FILE=\"$COMPOSE_DIR/status\"\nIMG_FILE=\"$COMPOSE_DIR/data.img\"\nNGINX_DIR=\"$COMPOSE_DIR/nginx\"\nVHOST_DIR=\"/opt/docker/nginx-proxy/nginx/vhost.d\"\nMOUNT_DIR=\"{{ $('Parametrs').item.json.mount_dir }}/$DOMAIN\"\n\nVHOST_MAIN_FILE=\"$VHOST_DIR/$DOMAIN\"\nVHOST_MAIN_LOCATION_FILE=\"$VHOST_DIR/$DOMAIN\"_location\n\n# Function to log an error, write to status file, and print to console\nhandle_error() {\n    STATUS_JSON=\"{\\\"status\\\": \\\"error\\\", \\\"message\\\": \\\"$1\\\"}\"\n    echo \"$STATUS_JSON\" | sudo tee \"$STATUS_FILE\" > /dev/null\n    echo \"error: $1\"\n    exit 1\n}\n\n# Stop and remove Docker containers (also remove associated volumes)\nif [ -f \"$COMPOSE_FILE\" ]; then\n    if ! sudo docker-compose -f \"$COMPOSE_FILE\" down > /dev/null 2>&1; then\n        handle_error \"Failed to stop and remove docker-compose containers\"\n    fi\nelse\n    echo \"Warning: docker-compose.yml not found, skipping container stop.\"\nfi\n\n# Remove mount entry from /etc/fstab if it exists\nif grep -q \"$IMG_FILE\" /etc/fstab; then\n    sudo sed -i \"\\|$(printf '%s\\n' \"$IMG_FILE\" | sed 's/[.[\\*^$]/\\\\&/g')|d\" /etc/fstab\nfi\n\n# Unmount the image if it is mounted\nif mount | grep -q \"$MOUNT_DIR\"; then\n    sudo umount \"$MOUNT_DIR\" > /dev/null 2>&1 || handle_error \"Failed to unmount $MOUNT_DIR\"\nfi\n\n# Remove the mount directory\nif [ -d \"$MOUNT_DIR\" ]; then\n    sudo rm -rf \"$MOUNT_DIR\" > /dev/null 2>&1 || handle_error \"Failed to remove $MOUNT_DIR\"\nfi\n\n# Remove NGINX configuration files\n[ -f \"$VHOST_MAIN_FILE\" ] && sudo rm -f \"$VHOST_MAIN_FILE\" || handle_error \"Warning: $VHOST_MAIN_FILE not found.\"\n[ -f \"$VHOST_MAIN_LOCATION_FILE\" ] && sudo rm -f \"$VHOST_MAIN_LOCATION_FILE\" || handle_error \"Warning: $VHOST_MAIN_LOCATION_FILE not found.\"\n\n# Update status\necho \"suspended\" | sudo tee \"$STATUS_FILE\" > /dev/null\n\n# Success\necho \"success\"\nexit 0"
            }
          ]
        }
      },
      "typeVersion": 3.4,
      "alwaysOutputData": true,
      "notes": "This set node performs automated tasks as part of the workflow."
    },
    {
      "id": "61cba08a-a873-4a1c-98a4-75a3986d8e63",
      "name": "Terminated",
      "type": "n8n-nodes-base.set",
      "onError": "continueRegularOutput",
      "position": [
        -660,
        -480
      ],
      "parameters": {
        "options": {},
        "assignments": {
          "assignments": [
            {
              "id": "21f4453e-c136-4388-be90-1411ae78e8a5",
              "name": "sh",
              "type": "string",
              "value": "=#!/bin/bash\n\nDOMAIN=\"{{ $('API').item.json.body.domain }}\"\nCOMPOSE_DIR=\"{{ $('Parametrs').item.json.clients_dir }}/$DOMAIN\"\nCOMPOSE_FILE=\"$COMPOSE_DIR/docker-compose.yml\"\nSTATUS_FILE=\"$COMPOSE_DIR/status\"\nIMG_FILE=\"$COMPOSE_DIR/data.img\"\nNGINX_DIR=\"$COMPOSE_DIR/nginx\"\nVHOST_DIR=\"/opt/docker/nginx-proxy/nginx/vhost.d\"\n\nVHOST_MAIN_FILE=\"$VHOST_DIR/$DOMAIN\"\nVHOST_MAIN_LOCATION_FILE=\"$VHOST_DIR/$DOMAIN\"_location\n\nMOUNT_DIR=\"{{ $('Parametrs').item.json.mount_dir }}/$DOMAIN\"\n\n# Function to log an error, write to status file, and print to console\nhandle_error() {\n    STATUS_JSON=\"{\\\"status\\\": \\\"error\\\", \\\"message\\\": \\\"$1\\\"}\"\n    echo \"error: $1\"\n    exit 1\n}\n\n# Stop and remove the Docker containers\nif [ -f \"$COMPOSE_FILE\" ]; then\n    sudo docker-compose -f \"$COMPOSE_FILE\" down > /dev/null 2>&1\nfi\n\n# Remove the mount entry from /etc/fstab if it exists\nif grep -q \"$IMG_FILE\" /etc/fstab; then\n    sudo sed -i \"\\|$(printf '%s\\n' \"$IMG_FILE\" | sed 's/[.[\\*^$]/\\\\&/g')|d\" /etc/fstab\nfi\n\n# Unmount the image if it is still mounted\nif mount | grep -q \"$MOUNT_DIR\"; then\n    sudo umount \"$MOUNT_DIR\" > /dev/null 2>&1 || handle_error \"Failed to unmount $MOUNT_DIR\"\nfi\n\n# Remove all related directories and files\nfor item in \"$COMPOSE_DIR\" \"$VHOST_MAIN_FILE\" \"$VHOST_MAIN_LOCATION_FILE\"; do\n    if [ -e \"$item\" ]; then\n        sudo rm -rf \"$item\" || handle_error \"Failed to remove $item\"\n    fi\ndone\n\necho \"success\"\nexit 0\n"
            }
          ]
        }
      },
      "typeVersion": 3.4,
      "alwaysOutputData": true,
      "notes": "This set node performs automated tasks as part of the workflow."
    },
    {
      "id": "a66a034f-970a-4cee-b324-f1b423625bd7",
      "name": "Unsuspend",
      "type": "n8n-nodes-base.set",
      "onError": "continueRegularOutput",
      "position": [
        -660,
        -660
      ],
      "parameters": {
        "options": {},
        "assignments": {
          "assignments": [
            {
              "id": "21f4453e-c136-4388-be90-1411ae78e8a5",
              "name": "sh",
              "type": "string",
              "value": "=#!/bin/bash\n\nDOMAIN=\"{{ $('API').item.json.body.domain }}\"\nCOMPOSE_DIR=\"{{ $('Parametrs').item.json.clients_dir }}/$DOMAIN\"\nCOMPOSE_FILE=\"$COMPOSE_DIR/docker-compose.yml\"\nSTATUS_FILE=\"$COMPOSE_DIR/status\"\nIMG_FILE=\"$COMPOSE_DIR/data.img\"\nNGINX_DIR=\"$COMPOSE_DIR/nginx\"\nVHOST_DIR=\"/opt/docker/nginx-proxy/nginx/vhost.d\"\nMOUNT_DIR=\"{{ $('Parametrs').item.json.mount_dir }}/$DOMAIN\"\nDOCKER_COMPOSE_TEXT='{{ $('Deploy-docker-compose').item.json[\"docker-compose\"] }}'\n\nNGINX_MAIN_ACL_FILE=\"$NGINX_DIR/$DOMAIN\"_acl\n\nNGINX_MAIN_TEXT='{{ $('nginx').item.json['main'] }}'\nNGINX_MAIN_FILE=\"$NGINX_DIR/$DOMAIN\"\nVHOST_MAIN_FILE=\"$VHOST_DIR/$DOMAIN\"\n\nNGINX_MAIN_LOCATION_TEXT='{{ $('nginx').item.json['main_location'] }}'\nNGINX_MAIN_LOCATION_FILE=\"$NGINX_DIR/$DOMAIN\"_location\nVHOST_MAIN_LOCATION_FILE=\"$VHOST_DIR/$DOMAIN\"_location\n\nDISK_SIZE=\"{{ $('API').item.json.body.disk }}\"\n\n# Function to log an error, write to status file, and print to console\nhandle_error() {\n    STATUS_JSON=\"{\\\"status\\\": \\\"error\\\", \\\"message\\\": \\\"$1\\\"}\"\n    echo \"$STATUS_JSON\" | sudo tee \"$STATUS_FILE\" > /dev/null\n    echo \"error: $1\"\n    exit 1\n}\n\nupdate_nginx_acl() {\n    ACL_FILE=$1\n    LOCATION_FILE=$2\n    \n    if [ -s \"$ACL_FILE\" ]; then  # Проверяем, что файл существует и не пустой\n        VALID_LINES=$(grep -vE '^\\s*$' \"$ACL_FILE\")  # Убираем пустые строки\n        if [ -n \"$VALID_LINES\" ]; then  # Если есть непустые строки\n            while IFS= read -r line; do\n                echo \"allow $line;\" | sudo tee -a \"$LOCATION_FILE\" > /dev/null || handle_error \"Failed to update $LOCATION_FILE\"\n            done <<< \"$VALID_LINES\"\n            echo \"deny all;\" | sudo tee -a \"$LOCATION_FILE\" > /dev/null || handle_error \"Failed to update $LOCATION_FILE\"\n        fi\n    fi\n}\n\n# Create necessary directories with permissions\nfor dir in \"$COMPOSE_DIR\" \"$NGINX_DIR\" \"$MOUNT_DIR\"; do\n    sudo mkdir -p \"$dir\" || handle_error \"Failed to create $dir\"\n    sudo chmod -R 777 \"$dir\" || handle_error \"Failed to set permissions on $dir\"\ndone\n\n# Check if the image is already mounted using fstab\nif ! grep -q \"$IMG_FILE\" /etc/fstab; then\n    echo \"$IMG_FILE $MOUNT_DIR ext4 loop 0 0\" | sudo tee -a /etc/fstab > /dev/null || handle_error \"Failed to add fstab entry for $IMG_FILE\"\nfi\n\n# Apply the fstab changes and mount the image\nif ! mount | grep -q \"$MOUNT_DIR\"; then\n    sudo mount -a || handle_error \"Failed to mount image using fstab\"\nfi\n\n# Create docker-compose.yml file\necho \"$DOCKER_COMPOSE_TEXT\" | sudo tee \"$COMPOSE_FILE\" > /dev/null 2>&1 || handle_error \"Failed to create $COMPOSE_FILE\"\n\n# Create NGINX configuration files\necho \"$NGINX_MAIN_TEXT\" | sudo tee \"$NGINX_MAIN_FILE\" > /dev/null 2>&1 || handle_error \"Failed to create $NGINX_MAIN_FILE\"\necho \"$NGINX_MAIN_LOCATION_TEXT\" | sudo tee \"$NGINX_MAIN_LOCATION_FILE\" > /dev/null 2>&1 || handle_error \"Failed to create $NGINX_MAIN_FILE\"\n\n# Copy NGINX configuration files instead of creating symbolic links\nsudo cp -f \"$NGINX_MAIN_FILE\" \"$VHOST_MAIN_FILE\" || handle_error \"Failed to copy $NGINX_MAIN_FILE to $VHOST_MAIN_FILE\"\nsudo chmod 777 \"$VHOST_MAIN_FILE\" || handle_error \"Failed to set permissions on $VHOST_MAIN_FILE\"\n\nsudo cp -f \"$NGINX_MAIN_LOCATION_FILE\" \"$VHOST_MAIN_LOCATION_FILE\" || handle_error \"Failed to copy $NGINX_MAIN_LOCATION_FILE to $VHOST_MAIN_LOCATION_FILE\"\nsudo chmod 777 \"$VHOST_MAIN_LOCATION_FILE\" || handle_error \"Failed to set permissions on $VHOST_MAIN_LOCATION_FILE\"\n\nupdate_nginx_acl \"$NGINX_MAIN_ACL_FILE\" \"$VHOST_MAIN_LOCATION_FILE\"\n\n# Change to the compose directory\ncd \"$COMPOSE_DIR\" || handle_error \"Failed to change directory to $COMPOSE_DIR\"\n\n# Start Docker containers using docker-compose\n> error.log\nif ! sudo docker-compose up -d > error.log 2>&1; then\n    ERROR_MSG=$(tail -n 10 error.log)  # Read the last 10 lines from error.log\n    handle_error \"Docker-compose failed: $ERROR_MSG\"\nfi\n\n# If everything is successful, update the status file and print success message\necho \"active\" | sudo tee \"$STATUS_FILE\" > /dev/null\necho \"success\"\nexit 0\n"
            }
          ]
        }
      },
      "typeVersion": 3.4,
      "alwaysOutputData": true,
      "notes": "This set node performs automated tasks as part of the workflow."
    },
    {
      "id": "f05ac0c4-61b6-4546-9a39-1ef03e360c14",
      "name": "Mount Disk",
      "type": "n8n-nodes-base.set",
      "onError": "continueRegularOutput",
      "position": [
        -1200,
        460
      ],
      "parameters": {
        "options": {},
        "assignments": {
          "assignments": [
            {
              "id": "21f4453e-c136-4388-be90-1411ae78e8a5",
              "name": "sh",
              "type": "string",
              "value": "=#!/bin/bash\n\nCOMPOSE_DIR=\"{{ $('Parametrs').item.json.clients_dir }}/{{ $('API').item.json.body.domain }}\"\nSTATUS_FILE=\"$COMPOSE_DIR/status.json\"\nIMG_FILE=\"$COMPOSE_DIR/data.img\"\nMOUNT_DIR=\"{{ $('Parametrs').item.json.mount_dir }}/{{ $('API').item.json.body.domain }}\"\n\n# Function to log an error, write to status file, and print to console\nhandle_error() {\n    echo \"error: $1\"\n    exit 1\n}\n\n# Create necessary directories with permissions\nsudo mkdir -p \"$MOUNT_DIR\" > /dev/null 2>&1 || handle_error \"Failed to create $MOUNT_DIR\"\nsudo chmod 777 \"$MOUNT_DIR\" > /dev/null 2>&1 || handle_error \"Failed to set permissions on $MOUNT_DIR\"\n\nif df -h | grep -q \"$MOUNT_DIR\"; then\n    handle_error \"The file $IMG_FILE is mounted to $MOUNT_DIR\"\nfi\n\nif ! grep -q \"$IMG_FILE\" /etc/fstab; then\n    echo \"$IMG_FILE $MOUNT_DIR ext4 loop 0 0\" | sudo tee -a /etc/fstab > /dev/null || handle_error \"Failed to add entry to /etc/fstab\"\nfi\n\nsudo mount -a || handle_error \"Failed to mount entries from /etc/fstab\"\n\necho \"success\"\n\nexit 0\n"
            }
          ]
        }
      },
      "typeVersion": 3.4,
      "alwaysOutputData": true,
      "notes": "This set node performs automated tasks as part of the workflow."
    },
    {
      "id": "803652a7-b75c-4e58-a935-7899ef98815b",
      "name": "Unmount Disk",
      "type": "n8n-nodes-base.set",
      "onError": "continueRegularOutput",
      "position": [
        -1080,
        560
      ],
      "parameters": {
        "options": {},
        "assignments": {
          "assignments": [
            {
              "id": "21f4453e-c136-4388-be90-1411ae78e8a5",
              "name": "sh",
              "type": "string",
              "value": "=#!/bin/bash\n\nCOMPOSE_DIR=\"{{ $('Parametrs').item.json.clients_dir }}/{{ $('API').item.json.body.domain }}\"\nSTATUS_FILE=\"$COMPOSE_DIR/status.json\"\nIMG_FILE=\"$COMPOSE_DIR/data.img\"\nMOUNT_DIR=\"{{ $('Parametrs').item.json.mount_dir }}/{{ $('API').item.json.body.domain }}\"\n\n# Function to log an error, write to status file, and print to console\nhandle_error() {\n    echo \"error: $1\"\n    exit 1\n}\n\nif ! df -h | grep -q \"$MOUNT_DIR\"; then\n    handle_error \"The file $IMG_FILE is not mounted to $MOUNT_DIR\"\nfi\n\n# Remove the mount entry from /etc/fstab if it exists\nif grep -q \"$IMG_FILE\" /etc/fstab; then\n    sudo sed -i \"\\|$(printf '%s\\n' \"$IMG_FILE\" | sed 's/[.[\\*^$]/\\\\&/g')|d\" /etc/fstab\nfi\n\n# Unmount the image if it is mounted (using fstab)\nif mount | grep -q \"$MOUNT_DIR\"; then\n    sudo umount \"$MOUNT_DIR\" > /dev/null 2>&1 || handle_error \"Failed to unmount $MOUNT_DIR\"\nfi\n\n# Remove the mount directory (if needed)\nif ! sudo rm -rf \"$MOUNT_DIR\" > /dev/null 2>&1; then\n    handle_error \"Failed to remove $MOUNT_DIR\"\nfi\n\necho \"success\"\n\nexit 0\n"
            }
          ]
        }
      },
      "typeVersion": 3.4,
      "alwaysOutputData": true,
      "notes": "This set node performs automated tasks as part of the workflow."
    },
    {
      "id": "72f8b5bd-0826-4c21-b201-8714969bb6a4",
      "name": "Log",
      "type": "n8n-nodes-base.set",
      "onError": "continueRegularOutput",
      "position": [
        -1360,
        -160
      ],
      "parameters": {
        "options": {},
        "assignments": {
          "assignments": [
            {
              "id": "21f4453e-c136-4388-be90-1411ae78e8a5",
              "name": "sh",
              "type": "string",
              "value": "=#!/bin/bash\n\nCONTAINER_NAME=\"{{ $('API').item.json.body.domain }}\"\nLOGS_JSON=\"{}\"\n\n# Function to return error in JSON format\nhandle_error() {\n    echo \"{\\\"status\\\": \\\"error\\\", \\\"message\\\": \\\"$1\\\"}\"\n    exit 1\n}\n\n# Check if the container exists\nif ! sudo docker ps -a | grep -q \"$CONTAINER_NAME\" > /dev/null 2>&1; then\n    handle_error \"Container $CONTAINER_NAME not found\"\nfi\n\n# Get logs of the container\nLOGS=$(sudo docker logs --tail 1000 \"$CONTAINER_NAME\" 2>&1)\nif [ $? -ne 0 ]; then\n    handle_error \"Failed to retrieve logs for $CONTAINER_NAME\"\nfi\n\n# Escape double quotes in logs for valid JSON\nLOGS_ESCAPED=$(echo \"$LOGS\" | sed 's/\"/\\\\\"/g' | sed ':a;N;$!ba;s/\\n/\\\\n/g')\n\n# Format logs as JSON\nLOGS_JSON=\"{\\\"logs\\\": \\\"$LOGS_ESCAPED\\\"}\"\n\necho \"$LOGS_JSON\"\nexit 0"
            }
          ]
        }
      },
      "typeVersion": 3.4,
      "alwaysOutputData": true,
      "notes": "This set node performs automated tasks as part of the workflow."
    },
    {
      "id": "c170dd11-18bf-41c9-a07c-2f0c9d0fdb01",
      "name": "ChangePackage",
      "type": "n8n-nodes-base.set",
      "onError": "continueRegularOutput",
      "position": [
        -660,
        -300
      ],
      "parameters": {
        "options": {},
        "assignments": {
          "assignments": [
            {
              "id": "21f4453e-c136-4388-be90-1411ae78e8a5",
              "name": "sh",
              "type": "string",
              "value": "=#!/bin/bash\n\n# Get values for variables from templates\nDOMAIN=\"{{ $('API').item.json.body.domain }}\"\nCOMPOSE_DIR=\"{{ $('Parametrs').item.json.clients_dir }}/$DOMAIN\"\nCOMPOSE_FILE=\"$COMPOSE_DIR/docker-compose.yml\"\nSTATUS_FILE=\"$COMPOSE_DIR/status\"\nIMG_FILE=\"$COMPOSE_DIR/data.img\"\nNGINX_DIR=\"$COMPOSE_DIR/nginx\"\nVHOST_DIR=\"/opt/docker/nginx-proxy/nginx/vhost.d\"\nMOUNT_DIR=\"{{ $('Parametrs').item.json.mount_dir }}/$DOMAIN\"\nDOCKER_COMPOSE_TEXT='{{ $('Deploy-docker-compose').item.json[\"docker-compose\"] }}'\n\nNGINX_MAIN_TEXT='{{ $('nginx').item.json['main'] }}'\nNGINX_MAIN_FILE=\"$NGINX_DIR/$DOMAIN\"\nVHOST_MAIN_FILE=\"$VHOST_DIR/$DOMAIN\"\n\nNGINX_MAIN_LOCATION_TEXT='{{ $('nginx').item.json['main_location'] }}'\nNGINX_MAIN_LOCATION_FILE=\"$NGINX_DIR/$DOMAIN\"_location\nVHOST_MAIN_LOCATION_FILE=\"$VHOST_DIR/$DOMAIN\"_location\n\nDISK_SIZE=\"{{ $('API').item.json.body.disk }}\"\n\n# Function to log an error, write to status file, and print to console\nhandle_error() {\n    STATUS_JSON=\"{\\\"status\\\": \\\"error\\\", \\\"message\\\": \\\"$1\\\"}\"\n    echo \"$STATUS_JSON\" | sudo tee \"$STATUS_FILE\" > /dev/null\n    echo \"error: $1\"\n    exit 1\n}\n\n# Check if the compose file exists before stopping the container\nif [ -f \"$COMPOSE_FILE\" ]; then\n    sudo docker-compose -f \"$COMPOSE_FILE\" down > /dev/null 2>&1 || handle_error \"Failed to stop containers\"\nelse\n    handle_error \"docker-compose.yml not found\"\nfi\n\n# Unmount the image if it is currently mounted\nif mount | grep -q \"$MOUNT_DIR\"; then\n    sudo umount \"$MOUNT_DIR\" > /dev/null 2>&1 || handle_error \"Failed to unmount $MOUNT_DIR\"\nfi\n\n# Create docker-compose.yml file\necho \"$DOCKER_COMPOSE_TEXT\" | sudo tee \"$COMPOSE_FILE\" > /dev/null 2>&1 || handle_error \"Failed to create $COMPOSE_FILE\"\n\n# Create NGINX configuration files\necho \"$NGINX_MAIN_TEXT\" | sudo tee \"$NGINX_MAIN_FILE\" > /dev/null 2>&1 || handle_error \"Failed to create $NGINX_MAIN_FILE\"\necho \"$NGINX_MAIN_LOCATION_TEXT\" | sudo tee \"$NGINX_MAIN_LOCATION_FILE\" > /dev/null 2>&1 || handle_error \"Failed to create $NGINX_MAIN_LOCATION_FILE\"\n\n# Resize the disk image if it exists\nif [ -f \"$IMG_FILE\" ]; then\n    sudo truncate -s \"$DISK_SIZE\"G \"$IMG_FILE\" > /dev/null 2>&1 || handle_error \"Failed to resize $IMG_FILE (truncate)\"\n    sudo e2fsck -fy \"$IMG_FILE\" > /dev/null 2>&1 || handle_error \"Filesystem check failed on $IMG_FILE\"\n    sudo resize2fs \"$IMG_FILE\" > /dev/null 2>&1 || handle_error \"Failed to resize filesystem on $IMG_FILE\"\nelse\n    handle_error \"Disk image $IMG_FILE does not exist\"\nfi\n\n# Mount the disk only if it is not already mounted\nif ! mount | grep -q \"$MOUNT_DIR\"; then\n    sudo mount -a || handle_error \"Failed to mount entries from /etc/fstab\"\nfi\n\n# Change to the compose directory\ncd \"$COMPOSE_DIR\" > /dev/null 2>&1 || handle_error \"Failed to change directory to $COMPOSE_DIR\"\n\n# Copy NGINX configuration files instead of creating symbolic links\nsudo cp -f \"$NGINX_MAIN_FILE\" \"$VHOST_MAIN_FILE\" || handle_error \"Failed to copy $NGINX_MAIN_FILE to $VHOST_MAIN_FILE\"\nsudo chmod 777 \"$VHOST_MAIN_FILE\" || handle_error \"Failed to set permissions on $VHOST_MAIN_FILE\"\n\nsudo cp -f \"$NGINX_MAIN_LOCATION_FILE\" \"$VHOST_MAIN_LOCATION_FILE\" || handle_error \"Failed to copy $NGINX_MAIN_LOCATION_FILE to $VHOST_MAIN_LOCATION_FILE\"\nsudo chmod 777 \"$VHOST_MAIN_LOCATION_FILE\" || handle_error \"Failed to set permissions on $VHOST_MAIN_LOCATION_FILE\"\n\n# Start Docker containers using docker-compose\nif ! sudo docker-compose up -d > /dev/null 2>error.log; then\n    ERROR_MSG=$(tail -n 10 error.log)  # Read the last 10 lines from error.log\n    handle_error \"Docker-compose failed: $ERROR_MSG\"\nfi\n\n# Update status file\necho \"active\" | sudo tee \"$STATUS_FILE\" > /dev/null\n\necho \"success\"\n\nexit 0\n"
            }
          ]
        }
      },
      "typeVersion": 3.4,
      "alwaysOutputData": true,
      "notes": "This set node performs automated tasks as part of the workflow."
    },
    {
      "id": "da927c27-bc27-4f1f-bd06-90cb273a423d",
      "name": "Sticky Note",
      "type": "n8n-nodes-base.stickyNote",
      "position": [
        -2640,
        -1260
      ],
      "parameters": {
        "color": 6,
        "width": 639,
        "height": 909,
        "content": "## 👋 Welcome to PUQ Docker n8n deploy!\n## Template for n8n: API Backend for WHMCS/WISECP by PUQcloud\n\nv.1\n\nThis is an n8n template that creates an API backend for the WHMCS/WISECP module developed by PUQcloud.\n\n## Setup Instructions\n\n### 1. Configure API Webhook and SSH Access\n- Create a Credential (Basic Auth) for the **Webhook API Block** in n8n.\n- Create a Credential for **SSH access** to a server with Docker installed (**SSH Block**).\n\n### 2. Modify Template Parameters\nIn the **Parameters** block of the template, update the following settings:\n\n- `server_domain` – must match the domain of the WHMCS/WISECP Docker server.\n- `clients_dir` – directory where user data related to Docker and disks will be stored.\n- `mount_dir` – default mount point for the container disk (recommended not to change).\n\n**Do not modify** the following technical parameters:\n\n- `screen_left`\n- `screen_right`\n\n## Additional Resources\n- Documentation: [{{ $env.WEBHOOK_URL }}]({{ $env.WEBHOOK_URL }}\n- WHMCS module: [{{ $env.WEBHOOK_URL }}]({{ $env.WEBHOOK_URL }}\n\n"
      },
      "typeVersion": 1,
      "notes": "This stickyNote node performs automated tasks as part of the workflow."
    },
    {
      "id": "7d1edb5c-9836-4dad-9116-bd14a5e7ab2c",
      "name": "n8n",
      "type": "n8n-nodes-base.switch",
      "position": [
        -1680,
        1380
      ],
      "parameters": {
        "rules": {
          "values": [
            {
              "outputKey": "YOUR_CREDENTIAL_HERE",
              "conditions": {
                "options": {
                  "version": 2,
                  "leftValue": "",
                  "caseSensitive": true,
                  "typeValidation": "strict"
                },
                "combinator": "and",
                "conditions": [
                  {
                    "id": "66ad264d-5393-410c-bfa3-011ab8eb234a",
                    "operator": {
                      "name": "filter.operator.equals",
                      "type": "string",
                      "operation": "equals"
                    },
                    "leftValue": "={{ $('API').item.json.body.command }}",
                    "rightValue": "app_version"
                  }
                ]
              },
              "renameOutput": true
            },
            {
              "outputKey": "YOUR_CREDENTIAL_HERE",
              "conditions": {
                "options": {
                  "version": 2,
                  "leftValue": "",
                  "caseSensitive": true,
                  "typeValidation": "strict"
                },
                "combinator": "and",
                "conditions": [
                  {
                    "id": "b48957a0-22c0-4ac0-82ef-abd9e7ab0207",
                    "operator": {
                      "name": "filter.operator.equals",
                      "type": "string",
                      "operation": "equals"
                    },
                    "leftValue": "={{ $('API').item.json.body.command }}",
                    "rightValue": "app_users"
                  }
                ]
              },
              "renameOutput": true
            },
            {
              "outputKey": "YOUR_CREDENTIAL_HERE",
              "conditions": {
                "options": {
                  "version": 2,
                  "leftValue": "",
                  "caseSensitive": true,
                  "typeValidation": "strict"
                },
                "combinator": "and",
                "conditions": [
                  {
                    "id": "7c862a6f-5df1-499c-b9c6-9b266e2bebec",
                    "operator": {
                      "name": "filter.operator.equals",
                      "type": "string",
                      "operation": "equals"
                    },
                    "leftValue": "={{ $('API').item.json.body.command }}",
                    "rightValue": "change_password"
                  }
                ]
              },
              "renameOutput": true
            }
          ]
        },
        "options": {}
      },
      "typeVersion": 3.2,
      "notes": "This switch node performs automated tasks as part of the workflow."
    },
    {
      "id": "dcc07564-d2e1-46a5-a1ad-662aff29c681",
      "name": "Version",
      "type": "n8n-nodes-base.set",
      "onError": "continueRegularOutput",
      "position": [
        -1180,
        1360
      ],
      "parameters": {
        "options": {},
        "assignments": {
          "assignments": [
            {
              "id": "21f4453e-c136-4388-be90-1411ae78e8a5",
              "name": "sh",
              "type": "string",
              "value": "=#!/bin/bash\n\nCONTAINER_NAME=\"{{ $('API').item.json.body.domain }}\"\nVERSION_JSON=\"{}\"\n\n# Function to return error in JSON format\nhandle_error() {\n    echo \"{\\\"status\\\": \\\"error\\\", \\\"message\\\": \\\"$1\\\"}\"\n    exit 1\n}\n\n# Check if the container exists\nif ! sudo docker ps -a | grep -q \"$CONTAINER_NAME\" > /dev/null 2>&1; then\n    handle_error \"Container $CONTAINER_NAME not found\"\nfi\n\n# Get the n8n version from the container\nVERSION=$(sudo docker exec \"$CONTAINER_NAME\" n8n --version 2>&1)\nif [ $? -ne 0 ]; then\n    handle_error \"Failed to retrieve version for $CONTAINER_NAME\"\nfi\n\n# Escape double quotes in version string for valid JSON\nVERSION_ESCAPED=$(echo \"$VERSION\" | sed 's/\"/\\\\\"/g')\n\n# Format version as JSON\nVERSION_JSON=\"{\\\"version\\\": \\\"$VERSION_ESCAPED\\\"}\"\n\necho \"$VERSION_JSON\"\nexit 0\n"
            }
          ]
        }
      },
      "typeVersion": 3.4,
      "alwaysOutputData": true,
      "notes": "This set node performs automated tasks as part of the workflow."
    },
    {
      "id": "bb6f2cc2-861a-4c6f-9206-b3077fb98d06",
      "name": "Users",
      "type": "n8n-nodes-base.set",
      "onError": "continueRegularOutput",
      "position": [
        -1060,
        1460
      ],
      "parameters": {
        "options": {},
        "assignments": {
          "assignments": [
            {
              "id": "21f4453e-c136-4388-be90-1411ae78e8a5",
              "name": "sh",
              "type": "string",
              "value": "=#!/bin/bash\n\nCONTAINER_NAME=\"{{ $('API').item.json.body.domain }}\"\nDB_PATH=\"/mnt/$CONTAINER_NAME/database.sqlite\"\nUSERS_JSON=\"{}\"\n\n# Function to return error in JSON format\nhandle_error() {\n    echo \"{\\\"status\\\": \\\"error\\\", \\\"message\\\": \\\"$1\\\"}\"\n    exit 1\n}\n\nif ! test -f \"$DB_PATH\"; then\n    handle_error \"Database file $DB_PATH is not found or not mounted on the host\"\nfi\n\nUSERS=$(sqlite3 \"$DB_PATH\" -json \"SELECT * FROM user;\" 2>&1)\nif [ $? -ne 0 ]; then\n    handle_error \"Failed to retrieve users from database\"\nfi\n\nUSERS_ESCAPED=$(echo \"$USERS\" | sed 's/\"/\\\\\"/g')\n\nUSERS_JSON=\"{\\\"users\\\": $USERS}\"\n\necho \"$USERS_JSON\"\nexit 0\n"
            }
          ]
        }
      },
      "typeVersion": 3.4,
      "alwaysOutputData": true,
      "notes": "This set node performs automated tasks as part of the workflow."
    },
    {
      "id": "e9a08c32-28e6-461f-a620-869dcc5cb1e5",
      "name": "Change Password",
      "type": "n8n-nodes-base.set",
      "onError": "continueRegularOutput",
      "position": [
        -1160,
        1560
      ],
      "parameters": {
        "options": {},
        "assignments": {
          "assignments": [
            {
              "id": "21f4453e-c136-4388-be90-1411ae78e8a5",
              "name": "sh",
              "type": "string",
              "value": "=#!/bin/bash\n\nCONTAINER_NAME=\"{{ $('API').item.json.body.domain }}\"\nUSER_EMAIL=\"{{ $('API').item.json.body.user_email }}\"\nNEW_PASSWORD=\"{{ $('API').item.json.body.password }}\"\n\nDB_PATH=\"/mnt/$CONTAINER_NAME/database.sqlite\"\n\n# Function to return error in JSON format\nhandle_error() {\n    echo \"{\\\"status\\\": \\\"error\\\", \\\"message\\\": \\\"$1\\\"}\"\n    exit 1\n}\n\nif ! test -f \"$DB_PATH\"; then\n    handle_error \"Database file $DB_PATH is not found or not mounted on the host\"\nfi\n\n# Generate bcrypt hash of the new password\nHASH=$(htpasswd -bnB \"\" \"$NEW_PASSWORD\" | cut -c2-)\n\nif [ -z \"$HASH\" ]; then\n    handle_error \"Failed to generate password hash\"\nfi\n\n# Update password in the database\nsudo sqlite3 \"$DB_PATH\" \"UPDATE user SET password = '$HASH' WHERE email = '$USER_EMAIL';\"\nif [ $? -ne 0 ]; then\n    handle_error \"Failed to update password in database\"\nfi\n\necho \"{\\\"status\\\": \\\"success\\\"}\"\nexit 0"
            }
          ]
        }
      },
      "typeVersion": 3.4,
      "alwaysOutputData": true,
      "notes": "This set node performs automated tasks as part of the workflow."
    },
    {
      "id": "60fafb1e-0f67-4759-8625-b08409c5b462",
      "name": "If1",
      "type": "n8n-nodes-base.if",
      "position": [
        -1940,
        -1100
      ],
      "parameters": {
        "options": {},
        "conditions": {
          "options": {
            "version": 2,
            "leftValue": "",
            "caseSensitive": true,
            "typeValidation": "strict"
          },
          "combinator": "or",
          "conditions": [
            {
              "id": "8602bd4c-9693-4d5f-9e7d-5ee62210baca",
              "operator": {
                "name": "filter.operator.equals",
                "type": "string",
                "operation": "equals"
              },
              "leftValue": "={{ $('API').item.json.body.command }}",
              "rightValue": "create"
            },
            {
              "id": "1c630b59-0e5a-441d-8aa5-70b31338d897",
              "operator": {
                "name": "filter.operator.equals",
                "type": "string",
                "operation": "equals"
              },
              "leftValue": "={{ $('API').item.json.body.command }}",
              "rightValue": "change_package"
            },
            {
              "id": "b3eb7052-a70f-438e-befd-8c5240df32c7",
              "operator": {
                "name": "filter.operator.equals",
                "type": "string",
                "operation": "equals"
              },
              "leftValue": "={{ $('API').item.json.body.command }}",
              "rightValue": "unsuspend"
            }
          ]
        }
      },
      "typeVersion": 2.2,
      "notes": "This if node performs automated tasks as part of the workflow."
    },
    {
      "id": "913d96ae-bd47-4db2-b83b-68c49b51b33a",
      "name": "nginx",
      "type": "n8n-nodes-base.set",
      "position": [
        -1740,
        -1240
      ],
      "parameters": {
        "options": {},
        "assignments": {
          "assignments": [
            {
              "id": "21f4453e-c136-4388-be90-1411ae78e8a5",
              "name": "main",
              "type": "string",
              "value": "=ignore_invalid_headers off;\nclient_max_body_size 0;\nproxy_buffering off;\nproxy_request_buffering off;"
            },
            {
              "id": "6507763a-21d4-4ff0-84d2-5dc9d21b7430",
              "name": "main_location",
              "type": "string",
              "value": "=# Custom header\n\n"
            }
          ]
        }
      },
      "typeVersion": 3.4,
      "alwaysOutputData": true,
      "notes": "This set node performs automated tasks as part of the workflow."
    },
    {
      "id": "5172c533-170f-4f08-95af-de090347c832",
      "name": "Deploy-docker-compose",
      "type": "n8n-nodes-base.set",
      "position": [
        -1500,
        -1240
      ],
      "parameters": {
        "options": {},
        "assignments": {
          "assignments": [
            {
              "id": "21f4453e-c136-4388-be90-1411ae78e8a5",
              "name": "docker-compose",
              "type": "string",
              "value": "=version: \"3\"\nservices:\n  n8n-{{ $('API').item.json.body.domain }}:\n    image: n8nio/n8n\n    restart: unless-stopped\n    container_name: {{ $('API').item.json.body.domain }}\n    environment:\n      - VIRTUAL_HOST={{ $('API').item.json.body.domain }}\n      - LETSENCRYPT_HOST={{ $('API').item.json.body.domain }}\n      - WEBHOOK_URL=https://{{ $('API').item.json.body.domain }}\n    volumes:\n      - {{ $('Parametrs').item.json.mount_dir }}/{{ $('API').item.json.body.domain }}:/home/node/.n8n\n    networks:\n      - nginx-proxy_web\n    mem_limit: {{ $('API').item.json.body.ram }}G\n    cpus: \"{{ $('API').item.json.body.cpu }}\"\n\nnetworks:\n  nginx-proxy_web:\n    external: true\n"
            }
          ]
        }
      },
      "typeVersion": 3.4,
      "alwaysOutputData": true,
      "notes": "This set node performs automated tasks as part of the workflow."
    },
    {
      "id": "a9a52bcd-b9b8-436e-a2cc-1f11747626aa",
      "name": "GET ACL",
      "type": "n8n-nodes-base.set",
      "onError": "continueRegularOutput",
      "position": [
        -1200,
        680
      ],
      "parameters": {
        "options": {},
        "assignments": {
          "assignments": [
            {
              "id": "21f4453e-c136-4388-be90-1411ae78e8a5",
              "name": "sh",
              "type": "string",
              "value": "=#!/bin/bash\n\n# Get values for variables from templates\nDOMAIN=\"{{ $('API').item.json.body.domain }}\"\nCOMPOSE_DIR=\"{{ $('Parametrs').item.json.clients_dir }}/$DOMAIN\"\nNGINX_DIR=\"$COMPOSE_DIR/nginx\"\n\nNGINX_MAIN_ACL_FILE=\"$NGINX_DIR/$DOMAIN\"_acl\n\n# Function to log an error and exit\nhandle_error() {\n    echo \"error: $1\"\n    exit 1\n}\n\n# Read files if they exist, else assign empty array\nif [[ -f \"$NGINX_MAIN_ACL_FILE\" ]]; then\n    MAIN_IPS=$(cat \"$NGINX_MAIN_ACL_FILE\" | jq -R -s 'split(\"\\n\") | map(select(length > 0))')\nelse\n    MAIN_IPS=\"[]\"\nfi\n\n# Output JSON\necho \"{ \\\"main_ips\\\": $MAIN_IPS }\"\n\nexit 0"
            }
          ]
        }
      },
      "typeVersion": 3.4,
      "alwaysOutputData": true,
      "notes": "This set node performs automated tasks as part of the workflow."
    },
    {
      "id": "b6535cd0-2264-4ede-9da6-03c128d54682",
      "name": "SET ACL",
      "type": "n8n-nodes-base.set",
      "onError": "continueRegularOutput",
      "position": [
        -1100,
        800
      ],
      "parameters": {
        "options": {},
        "assignments": {
          "assignments": [
            {
              "id": "21f4453e-c136-4388-be90-1411ae78e8a5",
              "name": "sh",
              "type": "string",
              "value": "=#!/bin/bash\n\n# Get values for variables from templates\nDOMAIN=\"{{ $('API').item.json.body.domain }}\"\nCOMPOSE_DIR=\"{{ $('Parametrs').item.json.clients_dir }}/$DOMAIN\"\nNGINX_DIR=\"$COMPOSE_DIR/nginx\"\nVHOST_DIR=\"/opt/docker/nginx-proxy/nginx/vhost.d\"\n\nNGINX_MAIN_ACL_FILE=\"$NGINX_DIR/$DOMAIN\"_acl\nNGINX_MAIN_ACL_TEXT=\"{{ $('API').item.json.body.main_ips }}\"\nVHOST_MAIN_LOCATION_FILE=\"$VHOST_DIR/$DOMAIN\"_location\nNGINX_MAIN_LOCATION_FILE=\"$NGINX_DIR/$DOMAIN\"_location\n\n# Function to log an error and exit\nhandle_error() {\n    echo \"error: $1\"\n    exit 1\n}\n\nupdate_nginx_acl() {\n    ACL_FILE=$1\n    LOCATION_FILE=$2\n    \n    if [ -s \"$ACL_FILE\" ]; then\n        VALID_LINES=$(grep -vE '^\\s*$' \"$ACL_FILE\")\n        if [ -n \"$VALID_LINES\" ]; then\n            while IFS= read -r line; do\n                echo \"allow $line;\" | sudo tee -a \"$LOCATION_FILE\" > /dev/null || handle_error \"Failed to update $LOCATION_FILE\"\n            done <<< \"$VALID_LINES\"\n            echo \"deny all;\" | sudo tee -a \"$LOCATION_FILE\" > /dev/null || handle_error \"Failed to update $LOCATION_FILE\"\n        fi\n    fi\n}\n\n# Create or overwrite the file with the content from variables\necho \"$NGINX_MAIN_ACL_TEXT\" | sudo tee \"$NGINX_MAIN_ACL_FILE\" > /dev/null\n\nsudo cp -f \"$NGINX_MAIN_LOCATION_FILE\" \"$VHOST_MAIN_LOCATION_FILE\" || handle_error \"Failed to copy $NGINX_MAIN_LOCATION_FILE to $VHOST_MAIN_LOCATION_FILE\"\nsudo chmod 777 \"$VHOST_MAIN_LOCATION_FILE\" || handle_error \"Failed to set permissions on $VHOST_MAIN_LOCATION_FILE\"\n\nupdate_nginx_acl \"$NGINX_MAIN_ACL_FILE\" \"$VHOST_MAIN_LOCATION_FILE\"\n\n# Reload Nginx with sudo\nif sudo docker exec nginx-proxy nginx -s reload; then\n    echo \"success\"\nelse\n    handle_error \"Failed to reload Nginx.\"\nfi\n\nexit 0"
            }
          ]
        }
      },
      "typeVersion": 3.4,
      "alwaysOutputData": true,
      "notes": "This set node performs automated tasks as part of the workflow."
    },
    {
      "id": "5b2452e4-3c2a-42e3-8855-dedd6c8f8ec9",
      "name": "GET NET",
      "type": "n8n-nodes-base.set",
      "onError": "continueRegularOutput",
      "position": [
        -1220,
        900
      ],
      "parameters": {
        "options": {},
        "assignments": {
          "assignments": [
            {
              "id": "21f4453e-c136-4388-be90-1411ae78e8a5",
              "name": "sh",
              "type": "string",
              "value": "=#!/bin/bash\n\n# Get values for variables from templates\nDOMAIN=\"{{ $('API').item.json.body.domain }}\"\nCOMPOSE_DIR=\"{{ $('Parametrs').item.json.clients_dir }}/$DOMAIN\"\nNGINX_DIR=\"$COMPOSE_DIR/nginx\"\nNET_IN_FILE=\"$COMPOSE_DIR/net_in\"\nNET_OUT_FILE=\"$COMPOSE_DIR/net_out\"\n\n# Function to log an error and exit\nhandle_error() {\n    echo \"error: $1\"\n    exit 1\n}\n\n# Get current network statistics from container\nSTATS=$(sudo docker exec \"$DOMAIN\" cat /proc/net/dev | grep eth0) || handle_error \"Failed to get network stats\"\nNET_IN_NEW=$(echo \"$STATS\" | awk '{print $2}')  # RX bytes (received)\nNET_OUT_NEW=$(echo \"$STATS\" | awk '{print $10}') # TX bytes (transmitted)\n\n# Ensure directory exists\nmkdir -p \"$COMPOSE_DIR\"\n\n# Read old values, create files if they don't exist\nif [[ -f \"$NET_IN_FILE\" ]]; then\n    NET_IN_OLD=$(sudo cat \"$NET_IN_FILE\")\nelse\n    NET_IN_OLD=0\nfi\n\nif [[ -f \"$NET_OUT_FILE\" ]]; then\n    NET_OUT_OLD=$(sudo cat \"$NET_OUT_FILE\")\nelse\n    NET_OUT_OLD=0\nfi\n\n# Save new values\necho \"$NET_IN_NEW\" | sudo tee \"$NET_IN_FILE\" > /dev/null\necho \"$NET_OUT_NEW\" | sudo tee \"$NET_OUT_FILE\" > /dev/null\n\n# Output JSON\necho \"{ \\\"net_in_new\\\": $NET_IN_NEW, \\\"net_out_new\\\": $NET_OUT_NEW, \\\"net_in_old\\\": $NET_IN_OLD, \\\"net_out_old\\\": $NET_OUT_OLD }\"\n\nexit 0\n"
            }
          ]
        }
      },
      "typeVersion": 3.4,
      "alwaysOutputData": true,
      "notes": "This set node performs automated tasks as part of the workflow."
    }
  ],
  "active": true,
  "pinData": {},
  "settings": {
    "timezone": "UTC",
    "callerPolicy": "workflowsFromSameOwner",
    "executionOrder": "v1",
    "saveManualExecutions": true,
    "errorWorkflow": null,
    "executionTimeout": 3600,
    "maxExecutions": 1000,
    "retryOnFail": true,
    "retryCount": 3,
    "retryDelay": 1000
  },
  "versionId": "08850dfe-ce0d-46e4-8eb7-6d1a830c8971",
  "connections": {
    "cf1b3eea-0439-418b-8c68-f7e45ddfbc7e": {
      "main": [
        [
          {
            "node": "error-handler-cf1b3eea-0439-418b-8c68-f7e45ddfbc7e",
            "type": "main",
            "index": 0
          }
        ],
        [
          {
            "node": "error-handler-cf1b3eea-0439-418b-8c68-f7e45ddfbc7e-0d1721be",
            "type": "main",
            "index": 0
          }
        ],
        [
          {
            "node": "error-handler-cf1b3eea-0439-418b-8c68-f7e45ddfbc7e-8b90f5ba",
            "type": "main",
            "index": 0
          }
        ],
        [
          {
            "node": "error-handler-cf1b3eea-0439-418b-8c68-f7e45ddfbc7e-a35b132e",
            "type": "main",
            "index": 0
          }
        ],
        [
          {
            "node": "error-handler-cf1b3eea-0439-418b-8c68-f7e45ddfbc7e-f16e8f61",
            "type": "main",
            "index": 0
          }
        ],
        [
          {
            "node": "error-handler-cf1b3eea-0439-418b-8c68-f7e45ddfbc7e-e4247f8e",
            "type": "main",
            "index": 0
          }
        ],
        [
          {
            "node": "error-handler-cf1b3eea-0439-418b-8c68-f7e45ddfbc7e-6240d72b",
            "type": "main",
            "index": 0
          }
        ],
        [
          {
            "node": "error-handler-cf1b3eea-0439-418b-8c68-f7e45ddfbc7e-f2b3aa62",
            "type": "main",
            "index": 0
          }
        ],
        [
          {
            "node": "error-handler-cf1b3eea-0439-418b-8c68-f7e45ddfbc7e-68950dca",
            "type": "main",
            "index": 0
          }
        ]
      ]
    },
    "516ac020-add2-4b08-ae91-bfb95dec2f88": {
      "main": [
        [
          {
            "node": "error-handler-516ac020-add2-4b08-ae91-bfb95dec2f88",
            "type": "main",
            "index": 0
          }
        ],
        [
          {
            "node": "error-handler-516ac020-add2-4b08-ae91-bfb95dec2f88-2f3b2cd7",
            "type": "main",
            "index": 0
          }
        ],
        [
          {
            "node": "error-handler-516ac020-add2-4b08-ae91-bfb95dec2f88-8d719c08",
            "type": "main",
            "index": 0
          }
        ],
        [
          {
            "node": "error-handler-516ac020-add2-4b08-ae91-bfb95dec2f88-1931b975",
            "type": "main",
            "index": 0
          }
        ],
        [
          {
            "node": "error-handler-516ac020-add2-4b08-ae91-bfb95dec2f88-67950bcf",
            "type": "main",
            "index": 0
          }
        ],
        [
          {
            "node": "error-handler-516ac020-add2-4b08-ae91-bfb95dec2f88-6ab259c4",
            "type": "main",
            "index": 0
          }
        ],
        [
          {
            "node": "error-handler-516ac020-add2-4b08-ae91-bfb95dec2f88-8c304e4b",
            "type": "main",
            "index": 0
          }
        ],
        [
          {
            "node": "error-handler-516ac020-add2-4b08-ae91-bfb95dec2f88-6d2e5a3c",
            "type": "main",
            "index": 0
          }
        ],
        [
          {
            "node": "error-handler-516ac020-add2-4b08-ae91-bfb95dec2f88-a08d4b9d",
            "type": "main",
            "index": 0
          }
        ]
      ]
    },
    "33dab9ef-121f-4b8a-af2b-7e1151ebd95f": {
      "main": [
        [
          {
            "node": "error-handler-33dab9ef-121f-4b8a-af2b-7e1151ebd95f",
            "type": "main",
            "index": 0
          }
        ],
        [
          {
            "node": "error-handler-33dab9ef-121f-4b8a-af2b-7e1151ebd95f-d35044e1",
            "type": "main",
            "index": 0
          }
        ],
        [
          {
            "node": "error-handler-33dab9ef-121f-4b8a-af2b-7e1151ebd95f-907d6ec4",
            "type": "main",
            "index": 0
          }
        ],
        [
          {
            "node": "error-handler-33dab9ef-121f-4b8a-af2b-7e1151ebd95f-30315d59",
            "type": "main",
            "index": 0
          }
        ],
        [
          {
            "node": "error-handler-33dab9ef-121f-4b8a-af2b-7e1151ebd95f-2d45c602",
            "type": "main",
            "index": 0
          }
        ],
        [
          {
            "node": "error-handler-33dab9ef-121f-4b8a-af2b-7e1151ebd95f-aeec354b",
            "type": "main",
            "index": 0
          }
        ],
        [
          {
            "node": "error-handler-33dab9ef-121f-4b8a-af2b-7e1151ebd95f-d6699bf3",
            "type": "main",
            "index": 0
          }
        ],
        [
          {
            "node": "error-handler-33dab9ef-121f-4b8a-af2b-7e1151ebd95f-cc5a4bfa",
            "type": "main",
            "index": 0
          }
        ],
        [
          {
            "node": "error-handler-33dab9ef-121f-4b8a-af2b-7e1151ebd95f-6fe42f3b",
            "type": "main",
            "index": 0
          }
        ]
      ]
    }
  },
  "description": "Automated workflow: puq-docker-n8n-deploy. This workflow integrates 9 different services: webhook, stickyNote, code, switch, set. It contains 40 nodes and follows best practices for error handling and security.",
  "notes": "Excellent quality workflow: puq-docker-n8n-deploy. This workflow has been optimized for production use with comprehensive error handling, security, and documentation."
}