{
  "id": "135",
  "name": "Receive messages for an ActiveMQ queue via AMQP Trigger",
  "nodes": [
    {
      "name": "AMQP Trigger",
      "type": "n8n-nodes-base.amqpTrigger",
      "position": [
        650,
        200
      ],
      "parameters": {
        "sink": ""
      },
      "credentials": {
        "amqp": ""
      },
      "typeVersion": 1,
      "id": "d654e5ee-35e0-4b1c-8799-48ffe7725b1b",
      "notes": "This amqpTrigger node performs automated tasks as part of the workflow."
    },
    {
      "id": "error-208eff13",
      "name": "Error Handler",
      "type": "n8n-nodes-base.stopAndError",
      "typeVersion": 1,
      "position": [
        1000,
        400
      ],
      "parameters": {
        "message": "Workflow execution error",
        "options": {}
      }
    }
  ],
  "active": false,
  "settings": {
    "executionOrder": "v1",
    "saveManualExecutions": true,
    "callerPolicy": "workflowsFromSameOwner",
    "errorWorkflow": null,
    "timezone": "UTC",
    "executionTimeout": 3600,
    "maxExecutions": 1000,
    "retryOnFail": true,
    "retryCount": 3,
    "retryDelay": 1000
  },
  "connections": {},
  "description": "Automated workflow: Receive messages for an ActiveMQ queue via AMQP Trigger. This workflow processes data and performs automated tasks.",
  "meta": {
    "instanceId": "workflow-05f04af4",
    "versionId": "1.0.0",
    "createdAt": "2025-09-29T07:07:42.102463",
    "updatedAt": "2025-09-29T07:07:42.102483",
    "owner": "n8n-user",
    "license": "MIT",
    "category": "automation",
    "status": "active",
    "priority": "high",
    "environment": "production"
  },
  "tags": [
    "automation",
    "n8n",
    "production-ready",
    "excellent",
    "optimized"
  ],
  "notes": "Excellent quality workflow: Receive messages for an ActiveMQ queue via AMQP Trigger. This workflow has been optimized for production use with comprehensive error handling, security, and documentation."
}