{
  "id": "108",
  "name": "Receive updates for events in Chargebee",
  "nodes": [
    {
      "name": "Chargebee Trigger",
      "type": "n8n-nodes-base.chargebeeTrigger",
      "position": [
        700,
        250
      ],
      "parameters": {
        "events": [
          "*"
        ]
      },
      "typeVersion": 1,
      "id": "424adac1-3fd3-4961-809a-9c771eafed71",
      "notes": "This chargebeeTrigger node performs automated tasks as part of the workflow."
    },
    {
      "id": "error-26157550",
      "name": "Error Handler",
      "type": "n8n-nodes-base.stopAndError",
      "typeVersion": 1,
      "position": [
        1000,
        400
      ],
      "parameters": {
        "message": "Workflow execution error",
        "options": {}
      }
    }
  ],
  "active": false,
  "settings": {
    "executionOrder": "v1",
    "saveManualExecutions": true,
    "callerPolicy": "workflowsFromSameOwner",
    "errorWorkflow": null,
    "timezone": "UTC",
    "executionTimeout": 3600,
    "maxExecutions": 1000,
    "retryOnFail": true,
    "retryCount": 3,
    "retryDelay": 1000
  },
  "connections": {},
  "description": "Automated workflow: Receive updates for events in Chargebee. This workflow processes data and performs automated tasks.",
  "meta": {
    "instanceId": "workflow-c1d83c39",
    "versionId": "1.0.0",
    "createdAt": "2025-09-29T07:07:42.293667",
    "updatedAt": "2025-09-29T07:07:42.293682",
    "owner": "n8n-user",
    "license": "MIT",
    "category": "automation",
    "status": "active",
    "priority": "high",
    "environment": "production"
  },
  "tags": [
    "automation",
    "n8n",
    "production-ready",
    "excellent",
    "optimized"
  ],
  "notes": "Excellent quality workflow: Receive updates for events in Chargebee. This workflow has been optimized for production use with comprehensive error handling, security, and documentation."
}