{
  "nodes": [
    {
      "id": "trigger-6f7282d3",
      "name": "Manual Trigger",
      "type": "n8n-nodes-base.manualTrigger",
      "typeVersion": 1,
      "position": [
        100,
        100
      ],
      "parameters": {}
    },
    {
      "name": "FileMaker response.data",
      "type": "n8n-nodes-base.itemLists",
      "position": [
        600,
        -580
      ],
      "parameters": {
        "options": {},
        "fieldToSplitOut": "=response.data"
      },
      "typeVersion": 1,
      "id": "14626f25-51b8-42af-9059-fa7df292b863",
      "notes": "This itemLists node performs automated tasks as part of the workflow."
    },
    {
      "name": "Return item.fieldData",
      "type": "n8n-nodes-base.functionItem",
      "position": [
        800,
        -580
      ],
      "parameters": {
        "functionCode": "return item.fieldData;\n"
      },
      "typeVersion": 1,
      "id": "a3309b2e-b197-450b-aacf-ecbed19de019",
      "notes": "This functionItem node performs automated tasks as part of the workflow."
    },
    {
      "name": "FileMaker Data API Contacts",
      "type": "n8n-nodes-base.function",
      "position": [
        400,
        -580
      ],
      "parameters": {
        "functionCode": "return [{ json: \n\n{\n\t\"response\": {\n\t\t\"dataInfo\": {\n\t\t\t\"database\": \"WorkflowSampleData\",\n\t\t\t\"layout\": \"Contacts\",\n\t\t\t\"table\": \"Contacts\",\n\t\t\t\"totalRecordCount\": 500,\n\t\t\t\"foundCount\": 500,\n\t\t\t\"returnedCount\": 100\n\t\t},\n\t\t\"data\": [{\n\t\t\t\"fieldData\": {\n\t\t\t\t\"first_name\": \"James\",\n\t\t\t\t\"last_name\": \"Butt\",\n\t\t\t\t\"company_name\": \"Benton, John B Jr\",\n\t\t\t\t\"address\": \"6649 N Blue Gum St\",\n\t\t\t\t\"city\": \"New Orleans\",\n\t\t\t\t\"county\": \"Orleans\",\n\t\t\t\t\"state\": \"LA\",\n\t\t\t\t\"zip\": \"70116\",\n\t\t\t\t\"phone1\": \"504-621-8927\",\n\t\t\t\t\"phone2\": \"504-845-1427\",\n\t\t\t\t\"email\": \"jbutt@gmail.com\",\n\t\t\t\t\"web\": \"{{ $env.WEBHOOK_URL }}\",\n\t\t\t\t\"ID\": 1\n\t\t\t},\n\t\t\t\"portalData\": {},\n\t\t\t\"recordId\": \"1\",\n\t\t\t\"modId\": \"1\"\n\t\t}, {\n\t\t\t\"fieldData\": {\n\t\t\t\t\"first_name\": \"Josephine\",\n\t\t\t\t\"last_name\": \"Darakjy\",\n\t\t\t\t\"company_name\": \"Chanay, Jeffrey A Esq\",\n\t\t\t\t\"address\": \"4 B Blue Ridge Blvd\",\n\t\t\t\t\"city\": \"Brighton\",\n\t\t\t\t\"county\": \"Livingston\",\n\t\t\t\t\"state\": \"MI\",\n\t\t\t\t\"zip\": \"48116\",\n\t\t\t\t\"phone1\": \"810-292-9388\",\n\t\t\t\t\"phone2\": \"810-374-9840\",\n\t\t\t\t\"email\": \"josephine_darakjy@darakjy.org\",\n\t\t\t\t\"web\": \"{{ $env.WEBHOOK_URL }}\",\n\t\t\t\t\"ID\": 2\n\t\t\t},\n\t\t\t\"portalData\": {},\n\t\t\t\"recordId\": \"2\",\n\t\t\t\"modId\": \"1\"\n\t\t}, {\n\t\t\t\"fieldData\": {\n\t\t\t\t\"first_name\": \"Art\",\n\t\t\t\t\"last_name\": \"Venere\",\n\t\t\t\t\"company_name\": \"Chemel, James L Cpa\",\n\t\t\t\t\"address\": \"8 W Cerritos Ave #54\",\n\t\t\t\t\"city\": \"Bridgeport\",\n\t\t\t\t\"county\": \"Gloucester\",\n\t\t\t\t\"state\": \"NJ\",\n\t\t\t\t\"zip\": \"08014\",\n\t\t\t\t\"phone1\": \"856-636-8749\",\n\t\t\t\t\"phone2\": \"856-264-4130\",\n\t\t\t\t\"email\": \"art@venere.org\",\n\t\t\t\t\"web\": \"{{ $env.WEBHOOK_URL }}\",\n\t\t\t\t\"ID\": 3\n\t\t\t},\n\t\t\t\"portalData\": {},\n\t\t\t\"recordId\": \"3\",\n\t\t\t\"modId\": \"1\"\n\t\t}, {\n\t\t\t\"fieldData\": {\n\t\t\t\t\"first_name\": \"Lenna\",\n\t\t\t\t\"last_name\": \"Paprocki\",\n\t\t\t\t\"company_name\": \"Feltz Printing Service\",\n\t\t\t\t\"address\": \"639 Main St\",\n\t\t\t\t\"city\": \"Anchorage\",\n\t\t\t\t\"county\": \"Anchorage\",\n\t\t\t\t\"state\": \"AK\",\n\t\t\t\t\"zip\": \"99501\",\n\t\t\t\t\"phone1\": \"907-385-4412\",\n\t\t\t\t\"phone2\": \"907-921-2010\",\n\t\t\t\t\"email\": \"lpaprocki@hotmail.com\",\n\t\t\t\t\"web\": \"{{ $env.WEBHOOK_URL }}\",\n\t\t\t\t\"ID\": 4\n\t\t\t},\n\t\t\t\"portalData\": {},\n\t\t\t\"recordId\": \"4\",\n\t\t\t\"modId\": \"1\"\n\t\t}, {\n\t\t\t\"fieldData\": {\n\t\t\t\t\"first_name\": \"Donette\",\n\t\t\t\t\"last_name\": \"Foller\",\n\t\t\t\t\"company_name\": \"Printing Dimensions\",\n\t\t\t\t\"address\": \"34 Center St\",\n\t\t\t\t\"city\": \"Hamilton\",\n\t\t\t\t\"county\": \"Butler\",\n\t\t\t\t\"state\": \"OH\",\n\t\t\t\t\"zip\": \"45011\",\n\t\t\t\t\"phone1\": \"513-570-1893\",\n\t\t\t\t\"phone2\": \"513-549-4561\",\n\t\t\t\t\"email\": \"donette.foller@cox.net\",\n\t\t\t\t\"web\": \"{{ $env.WEBHOOK_URL }}\",\n\t\t\t\t\"ID\": 5\n\t\t\t},\n\t\t\t\"portalData\": {},\n\t\t\t\"recordId\": \"5\",\n\t\t\t\"modId\": \"1\"\n\t\t}, {\n\t\t\t\"fieldData\": {\n\t\t\t\t\"first_name\": \"Simona\",\n\t\t\t\t\"last_name\": \"Morasca\",\n\t\t\t\t\"company_name\": \"Chapman, Ross E Esq\",\n\t\t\t\t\"address\": \"3 Mcauley Dr\",\n\t\t\t\t\"city\": \"Ashland\",\n\t\t\t\t\"county\": \"Ashland\",\n\t\t\t\t\"state\": \"OH\",\n\t\t\t\t\"zip\": \"44805\",\n\t\t\t\t\"phone1\": \"419-503-2484\",\n\t\t\t\t\"phone2\": \"419-800-6759\",\n\t\t\t\t\"email\": \"simona@morasca.com\",\n\t\t\t\t\"web\": \"{{ $env.WEBHOOK_URL }}\",\n\t\t\t\t\"ID\": 6\n\t\t\t},\n\t\t\t\"portalData\": {},\n\t\t\t\"recordId\": \"6\",\n\t\t\t\"modId\": \"1\"\n\t\t}, {\n\t\t\t\"fieldData\": {\n\t\t\t\t\"first_name\": \"Mitsue\",\n\t\t\t\t\"last_name\": \"Tollner\",\n\t\t\t\t\"company_name\": \"Morlong Associates\",\n\t\t\t\t\"address\": \"7 Eads St\",\n\t\t\t\t\"city\": \"Chicago\",\n\t\t\t\t\"county\": \"Cook\",\n\t\t\t\t\"state\": \"IL\",\n\t\t\t\t\"zip\": \"60632\",\n\t\t\t\t\"phone1\": \"773-573-6914\",\n\t\t\t\t\"phone2\": \"773-924-8565\",\n\t\t\t\t\"email\": \"mitsue_tollner@yahoo.com\",\n\t\t\t\t\"web\": \"{{ $env.WEBHOOK_URL }}\",\n\t\t\t\t\"ID\": 7\n\t\t\t},\n\t\t\t\"portalData\": {},\n\t\t\t\"recordId\": \"7\",\n\t\t\t\"modId\": \"1\"\n\t\t}, {\n\t\t\t\"fieldData\": {\n\t\t\t\t\"first_name\": \"Leota\",\n\t\t\t\t\"last_name\": \"Dilliard\",\n\t\t\t\t\"company_name\": \"Commercial Press\",\n\t\t\t\t\"address\": \"7 W Jackson Blvd\",\n\t\t\t\t\"city\": \"San Jose\",\n\t\t\t\t\"county\": \"Santa Clara\",\n\t\t\t\t\"state\": \"CA\",\n\t\t\t\t\"zip\": \"95111\",\n\t\t\t\t\"phone1\": \"408-752-3500\",\n\t\t\t\t\"phone2\": \"408-813-1105\",\n\t\t\t\t\"email\": \"leota@hotmail.com\",\n\t\t\t\t\"web\": \"{{ $env.WEBHOOK_URL }}\",\n\t\t\t\t\"ID\": 8\n\t\t\t},\n\t\t\t\"portalData\": {},\n\t\t\t\"recordId\": \"8\",\n\t\t\t\"modId\": \"1\"\n\t\t}, {\n\t\t\t\"fieldData\": {\n\t\t\t\t\"first_name\": \"Sage\",\n\t\t\t\t\"last_name\": \"Wieser\",\n\t\t\t\t\"company_name\": \"Truhlar And Truhlar Attys\",\n\t\t\t\t\"address\": \"5 Boston Ave #88\",\n\t\t\t\t\"city\": \"Sioux Falls\",\n\t\t\t\t\"county\": \"Minnehaha\",\n\t\t\t\t\"state\": \"SD\",\n\t\t\t\t\"zip\": \"57105\",\n\t\t\t\t\"phone1\": \"605-414-2147\",\n\t\t\t\t\"phone2\": \"605-794-4895\",\n\t\t\t\t\"email\": \"sage_wieser@cox.net\",\n\t\t\t\t\"web\": \"{{ $env.WEBHOOK_URL }}\",\n\t\t\t\t\"ID\": 9\n\t\t\t},\n\t\t\t\"portalData\": {},\n\t\t\t\"recordId\": \"9\",\n\t\t\t\"modId\": \"1\"\n\t\t}, {\n\t\t\t\"fieldData\": {\n\t\t\t\t\"first_name\": \"Kris\",\n\t\t\t\t\"last_name\": \"Marrier\",\n\t\t\t\t\"company_name\": \"King, Christopher A Esq\",\n\t\t\t\t\"address\": \"228 Runamuck Pl #2808\",\n\t\t\t\t\"city\": \"Baltimore\",\n\t\t\t\t\"county\": \"Baltimore City\",\n\t\t\t\t\"state\": \"MD\",\n\t\t\t\t\"zip\": \"21224\",\n\t\t\t\t\"phone1\": \"410-655-8723\",\n\t\t\t\t\"phone2\": \"410-804-4694\",\n\t\t\t\t\"email\": \"kris@gmail.com\",\n\t\t\t\t\"web\": \"{{ $env.WEBHOOK_URL }}\",\n\t\t\t\t\"ID\": 10\n\t\t\t},\n\t\t\t\"portalData\": {},\n\t\t\t\"recordId\": \"10\",\n\t\t\t\"modId\": \"1\"\n\t\t}, {\n\t\t\t\"fieldData\": {\n\t\t\t\t\"first_name\": \"Minna\",\n\t\t\t\t\"last_name\": \"Amigon\",\n\t\t\t\t\"company_name\": \"Dorl, James J Esq\",\n\t\t\t\t\"address\": \"2371 Jerrold Ave\",\n\t\t\t\t\"city\": \"Kulpsville\",\n\t\t\t\t\"county\": \"Montgomery\",\n\t\t\t\t\"state\": \"PA\",\n\t\t\t\t\"zip\": \"19443\",\n\t\t\t\t\"phone1\": \"215-874-1229\",\n\t\t\t\t\"phone2\": \"215-422-8694\",\n\t\t\t\t\"email\": \"minna_amigon@yahoo.com\",\n\t\t\t\t\"web\": \"{{ $env.WEBHOOK_URL }}\",\n\t\t\t\t\"ID\": 11\n\t\t\t},\n\t\t\t\"portalData\": {},\n\t\t\t\"recordId\": \"11\",\n\t\t\t\"modId\": \"1\"\n\t\t}, {\n\t\t\t\"fieldData\": {\n\t\t\t\t\"first_name\": \"Abel\",\n\t\t\t\t\"last_name\": \"Maclead\",\n\t\t\t\t\"company_name\": \"Rangoni Of Florence\",\n\t\t\t\t\"address\": \"37275 St  Rt 17m M\",\n\t\t\t\t\"city\": \"Middle Island\",\n\t\t\t\t\"county\": \"Suffolk\",\n\t\t\t\t\"state\": \"NY\",\n\t\t\t\t\"zip\": \"11953\",\n\t\t\t\t\"phone1\": \"631-335-3414\",\n\t\t\t\t\"phone2\": \"631-677-3675\",\n\t\t\t\t\"email\": \"amaclead@gmail.com\",\n\t\t\t\t\"web\": \"{{ $env.WEBHOOK_URL }}\",\n\t\t\t\t\"ID\": 12\n\t\t\t},\n\t\t\t\"portalData\": {},\n\t\t\t\"recordId\": \"12\",\n\t\t\t\"modId\": \"1\"\n\t\t}, {\n\t\t\t\"fieldData\": {\n\t\t\t\t\"first_name\": \"Kiley\",\n\t\t\t\t\"last_name\": \"Caldarera\",\n\t\t\t\t\"company_name\": \"Feiner Bros\",\n\t\t\t\t\"address\": \"25 E 75th St #69\",\n\t\t\t\t\"city\": \"Los Angeles\",\n\t\t\t\t\"county\": \"Los Angeles\",\n\t\t\t\t\"state\": \"CA\",\n\t\t\t\t\"zip\": \"90034\",\n\t\t\t\t\"phone1\": \"310-498-5651\",\n\t\t\t\t\"phone2\": \"310-254-3084\",\n\t\t\t\t\"email\": \"kiley.caldarera@aol.com\",\n\t\t\t\t\"web\": \"{{ $env.WEBHOOK_URL }}\",\n\t\t\t\t\"ID\": 13\n\t\t\t},\n\t\t\t\"portalData\": {},\n\t\t\t\"recordId\": \"13\",\n\t\t\t\"modId\": \"1\"\n\t\t}, {\n\t\t\t\"fieldData\": {\n\t\t\t\t\"first_name\": \"Graciela\",\n\t\t\t\t\"last_name\": \"Ruta\",\n\t\t\t\t\"company_name\": \"Buckley Miller & Wright\",\n\t\t\t\t\"address\": \"98 Connecticut Ave Nw\",\n\t\t\t\t\"city\": \"Chagrin Falls\",\n\t\t\t\t\"county\": \"Geauga\",\n\t\t\t\t\"state\": \"OH\",\n\t\t\t\t\"zip\": \"44023\",\n\t\t\t\t\"phone1\": \"440-780-8425\",\n\t\t\t\t\"phone2\": \"440-579-7763\",\n\t\t\t\t\"email\": \"gruta@cox.net\",\n\t\t\t\t\"web\": \"{{ $env.WEBHOOK_URL }}\",\n\t\t\t\t\"ID\": 14\n\t\t\t},\n\t\t\t\"portalData\": {},\n\t\t\t\"recordId\": \"14\",\n\t\t\t\"modId\": \"1\"\n\t\t}, {\n\t\t\t\"fieldData\": {\n\t\t\t\t\"first_name\": \"Cammy\",\n\t\t\t\t\"last_name\": \"Albares\",\n\t\t\t\t\"company_name\": \"Rousseaux, Michael Esq\",\n\t\t\t\t\"address\": \"56 E Morehead St\",\n\t\t\t\t\"city\": \"Laredo\",\n\t\t\t\t\"county\": \"Webb\",\n\t\t\t\t\"state\": \"TX\",\n\t\t\t\t\"zip\": \"78045\",\n\t\t\t\t\"phone1\": \"956-537-6195\",\n\t\t\t\t\"phone2\": \"956-841-7216\",\n\t\t\t\t\"email\": \"calbares@gmail.com\",\n\t\t\t\t\"web\": \"{{ $env.WEBHOOK_URL }}\",\n\t\t\t\t\"ID\": 15\n\t\t\t},\n\t\t\t\"portalData\": {},\n\t\t\t\"recordId\": \"15\",\n\t\t\t\"modId\": \"1\"\n\t\t}, {\n\t\t\t\"fieldData\": {\n\t\t\t\t\"first_name\": \"Mattie\",\n\t\t\t\t\"last_name\": \"Poquette\",\n\t\t\t\t\"company_name\": \"Century Communications\",\n\t\t\t\t\"address\": \"73 State Road 434 E\",\n\t\t\t\t\"city\": \"Phoenix\",\n\t\t\t\t\"county\": \"Maricopa\",\n\t\t\t\t\"state\": \"AZ\",\n\t\t\t\t\"zip\": \"85013\",\n\t\t\t\t\"phone1\": \"602-277-4385\",\n\t\t\t\t\"phone2\": \"602-953-6360\",\n\t\t\t\t\"email\": \"mattie@aol.com\",\n\t\t\t\t\"web\": \"{{ $env.WEBHOOK_URL }}\",\n\t\t\t\t\"ID\": 16\n\t\t\t},\n\t\t\t\"portalData\": {},\n\t\t\t\"recordId\": \"16\",\n\t\t\t\"modId\": \"1\"\n\t\t}, {\n\t\t\t\"fieldData\": {\n\t\t\t\t\"first_name\": \"Meaghan\",\n\t\t\t\t\"last_name\": \"Garufi\",\n\t\t\t\t\"company_name\": \"Bolton, Wilbur Esq\",\n\t\t\t\t\"address\": \"69734 E Carrillo St\",\n\t\t\t\t\"city\": \"Mc Minnville\",\n\t\t\t\t\"county\": \"Warren\",\n\t\t\t\t\"state\": \"TN\",\n\t\t\t\t\"zip\": \"37110\",\n\t\t\t\t\"phone1\": \"931-313-9635\",\n\t\t\t\t\"phone2\": \"931-235-7959\",\n\t\t\t\t\"email\": \"meaghan@hotmail.com\",\n\t\t\t\t\"web\": \"{{ $env.WEBHOOK_URL }}\",\n\t\t\t\t\"ID\": 17\n\t\t\t},\n\t\t\t\"portalData\": {},\n\t\t\t\"recordId\": \"17\",\n\t\t\t\"modId\": \"1\"\n\t\t}, {\n\t\t\t\"fieldData\": {\n\t\t\t\t\"first_name\": \"Gladys\",\n\t\t\t\t\"last_name\": \"Rim\",\n\t\t\t\t\"company_name\": \"T M Byxbee Company Pc\",\n\t\t\t\t\"address\": \"322 New Horizon Blvd\",\n\t\t\t\t\"city\": \"Milwaukee\",\n\t\t\t\t\"county\": \"Milwaukee\",\n\t\t\t\t\"state\": \"WI\",\n\t\t\t\t\"zip\": \"53207\",\n\t\t\t\t\"phone1\": \"414-661-9598\",\n\t\t\t\t\"phone2\": \"414-377-2880\",\n\t\t\t\t\"email\": \"gladys.rim@rim.org\",\n\t\t\t\t\"web\": \"{{ $env.WEBHOOK_URL }}\",\n\t\t\t\t\"ID\": 18\n\t\t\t},\n\t\t\t\"portalData\": {},\n\t\t\t\"recordId\": \"18\",\n\t\t\t\"modId\": \"1\"\n\t\t}, {\n\t\t\t\"fieldData\": {\n\t\t\t\t\"first_name\": \"Yuki\",\n\t\t\t\t\"last_name\": \"Whobrey\",\n\t\t\t\t\"company_name\": \"Farmers Insurance Group\",\n\t\t\t\t\"address\": \"1 State Route 27\",\n\t\t\t\t\"city\": \"Taylor\",\n\t\t\t\t\"county\": \"Wayne\",\n\t\t\t\t\"state\": \"MI\",\n\t\t\t\t\"zip\": \"48180\",\n\t\t\t\t\"phone1\": \"313-288-7937\",\n\t\t\t\t\"phone2\": \"313-341-4470\",\n\t\t\t\t\"email\": \"yuki_whobrey@aol.com\",\n\t\t\t\t\"web\": \"{{ $env.WEBHOOK_URL }}\",\n\t\t\t\t\"ID\": 19\n\t\t\t},\n\t\t\t\"portalData\": {},\n\t\t\t\"recordId\": \"19\",\n\t\t\t\"modId\": \"1\"\n\t\t}, {\n\t\t\t\"fieldData\": {\n\t\t\t\t\"first_name\": \"Fletcher\",\n\t\t\t\t\"last_name\": \"Flosi\",\n\t\t\t\t\"company_name\": \"Post Box Services Plus\",\n\t\t\t\t\"address\": \"394 Manchester Blvd\",\n\t\t\t\t\"city\": \"Rockford\",\n\t\t\t\t\"county\": \"Winnebago\",\n\t\t\t\t\"state\": \"IL\",\n\t\t\t\t\"zip\": \"61109\",\n\t\t\t\t\"phone1\": \"815-828-2147\",\n\t\t\t\t\"phone2\": \"815-426-5657\",\n\t\t\t\t\"email\": \"fletcher.flosi@yahoo.com\",\n\t\t\t\t\"web\": \"{{ $env.WEBHOOK_URL }}\",\n\t\t\t\t\"ID\": 20\n\t\t\t},\n\t\t\t\"portalData\": {},\n\t\t\t\"recordId\": \"20\",\n\t\t\t\"modId\": \"1\"\n\t\t}, {\n\t\t\t\"fieldData\": {\n\t\t\t\t\"first_name\": \"Bette\",\n\t\t\t\t\"last_name\": \"Nicka\",\n\t\t\t\t\"company_name\": \"Sport En Art\",\n\t\t\t\t\"address\": \"6 S 33rd St\",\n\t\t\t\t\"city\": \"Aston\",\n\t\t\t\t\"county\": \"Delaware\",\n\t\t\t\t\"state\": \"PA\",\n\t\t\t\t\"zip\": \"19014\",\n\t\t\t\t\"phone1\": \"610-545-3615\",\n\t\t\t\t\"phone2\": \"610-492-4643\",\n\t\t\t\t\"email\": \"bette_nicka@cox.net\",\n\t\t\t\t\"web\": \"{{ $env.WEBHOOK_URL }}\",\n\t\t\t\t\"ID\": 21\n\t\t\t},\n\t\t\t\"portalData\": {},\n\t\t\t\"recordId\": \"21\",\n\t\t\t\"modId\": \"1\"\n\t\t}, {\n\t\t\t\"fieldData\": {\n\t\t\t\t\"first_name\": \"Veronika\",\n\t\t\t\t\"last_name\": \"Inouye\",\n\t\t\t\t\"company_name\": \"C 4 Network Inc\",\n\t\t\t\t\"address\": \"6 Greenleaf Ave\",\n\t\t\t\t\"city\": \"San Jose\",\n\t\t\t\t\"county\": \"Santa Clara\",\n\t\t\t\t\"state\": \"CA\",\n\t\t\t\t\"zip\": \"95111\",\n\t\t\t\t\"phone1\": \"408-540-1785\",\n\t\t\t\t\"phone2\": \"408-813-4592\",\n\t\t\t\t\"email\": \"vinouye@aol.com\",\n\t\t\t\t\"web\": \"{{ $env.WEBHOOK_URL }}\",\n\t\t\t\t\"ID\": 22\n\t\t\t},\n\t\t\t\"portalData\": {},\n\t\t\t\"recordId\": \"22\",\n\t\t\t\"modId\": \"1\"\n\t\t}, {\n\t\t\t\"fieldData\": {\n\t\t\t\t\"first_name\": \"Willard\",\n\t\t\t\t\"last_name\": \"Kolmetz\",\n\t\t\t\t\"company_name\": \"Ingalls, Donald R Esq\",\n\t\t\t\t\"address\": \"618 W Yakima Ave\",\n\t\t\t\t\"city\": \"Irving\",\n\t\t\t\t\"county\": \"Dallas\",\n\t\t\t\t\"state\": \"TX\",\n\t\t\t\t\"zip\": \"75062\",\n\t\t\t\t\"phone1\": \"972-303-9197\",\n\t\t\t\t\"phone2\": \"972-896-4882\",\n\t\t\t\t\"email\": \"willard@hotmail.com\",\n\t\t\t\t\"web\": \"{{ $env.WEBHOOK_URL }}\",\n\t\t\t\t\"ID\": 23\n\t\t\t},\n\t\t\t\"portalData\": {},\n\t\t\t\"recordId\": \"23\",\n\t\t\t\"modId\": \"1\"\n\t\t}, {\n\t\t\t\"fieldData\": {\n\t\t\t\t\"first_name\": \"Maryann\",\n\t\t\t\t\"last_name\": \"Royster\",\n\t\t\t\t\"company_name\": \"Franklin, Peter L Esq\",\n\t\t\t\t\"address\": \"74 S Westgate St\",\n\t\t\t\t\"city\": \"Albany\",\n\t\t\t\t\"county\": \"Albany\",\n\t\t\t\t\"state\": \"NY\",\n\t\t\t\t\"zip\": \"12204\",\n\t\t\t\t\"phone1\": \"518-966-7987\",\n\t\t\t\t\"phone2\": \"518-448-8982\",\n\t\t\t\t\"email\": \"mroyster@royster.com\",\n\t\t\t\t\"web\": \"{{ $env.WEBHOOK_URL }}\",\n\t\t\t\t\"ID\": 24\n\t\t\t},\n\t\t\t\"portalData\": {},\n\t\t\t\"recordId\": \"24\",\n\t\t\t\"modId\": \"1\"\n\t\t}, {\n\t\t\t\"fieldData\": {\n\t\t\t\t\"first_name\": \"Alisha\",\n\t\t\t\t\"last_name\": \"Slusarski\",\n\t\t\t\t\"company_name\": \"Wtlz Power 107 Fm\",\n\t\t\t\t\"address\": \"3273 State St\",\n\t\t\t\t\"city\": \"Middlesex\",\n\t\t\t\t\"county\": \"Middlesex\",\n\t\t\t\t\"state\": \"NJ\",\n\t\t\t\t\"zip\": \"08846\",\n\t\t\t\t\"phone1\": \"732-658-3154\",\n\t\t\t\t\"phone2\": \"732-635-3453\",\n\t\t\t\t\"email\": \"alisha@slusarski.com\",\n\t\t\t\t\"web\": \"{{ $env.WEBHOOK_URL }}\",\n\t\t\t\t\"ID\": 25\n\t\t\t},\n\t\t\t\"portalData\": {},\n\t\t\t\"recordId\": \"25\",\n\t\t\t\"modId\": \"1\"\n\t\t}, {\n\t\t\t\"fieldData\": {\n\t\t\t\t\"first_name\": \"Allene\",\n\t\t\t\t\"last_name\": \"Iturbide\",\n\t\t\t\t\"company_name\": \"Ledecky, David Esq\",\n\t\t\t\t\"address\": \"1 Central Ave\",\n\t\t\t\t\"city\": \"Stevens Point\",\n\t\t\t\t\"county\": \"Portage\",\n\t\t\t\t\"state\": \"WI\",\n\t\t\t\t\"zip\": \"54481\",\n\t\t\t\t\"phone1\": \"715-662-6764\",\n\t\t\t\t\"phone2\": \"715-530-9863\",\n\t\t\t\t\"email\": \"allene_iturbide@cox.net\",\n\t\t\t\t\"web\": \"{{ $env.WEBHOOK_URL }}\",\n\t\t\t\t\"ID\": 26\n\t\t\t},\n\t\t\t\"portalData\": {},\n\t\t\t\"recordId\": \"26\",\n\t\t\t\"modId\": \"1\"\n\t\t}, {\n\t\t\t\"fieldData\": {\n\t\t\t\t\"first_name\": \"Chanel\",\n\t\t\t\t\"last_name\": \"Caudy\",\n\t\t\t\t\"company_name\": \"Professional Image Inc\",\n\t\t\t\t\"address\": \"86 Nw 66th St #8673\",\n\t\t\t\t\"city\": \"Shawnee\",\n\t\t\t\t\"county\": \"Johnson\",\n\t\t\t\t\"state\": \"KS\",\n\t\t\t\t\"zip\": \"66218\",\n\t\t\t\t\"phone1\": \"913-388-2079\",\n\t\t\t\t\"phone2\": \"913-899-1103\",\n\t\t\t\t\"email\": \"chanel.caudy@caudy.org\",\n\t\t\t\t\"web\": \"{{ $env.WEBHOOK_URL }}\",\n\t\t\t\t\"ID\": 27\n\t\t\t},\n\t\t\t\"portalData\": {},\n\t\t\t\"recordId\": \"27\",\n\t\t\t\"modId\": \"1\"\n\t\t}, {\n\t\t\t\"fieldData\": {\n\t\t\t\t\"first_name\": \"Ezekiel\",\n\t\t\t\t\"last_name\": \"Chui\",\n\t\t\t\t\"company_name\": \"Sider, Donald C Esq\",\n\t\t\t\t\"address\": \"2 Cedar Ave #84\",\n\t\t\t\t\"city\": \"Easton\",\n\t\t\t\t\"county\": \"Talbot\",\n\t\t\t\t\"state\": \"MD\",\n\t\t\t\t\"zip\": \"21601\",\n\t\t\t\t\"phone1\": \"410-669-1642\",\n\t\t\t\t\"phone2\": \"410-235-8738\",\n\t\t\t\t\"email\": \"ezekiel@chui.com\",\n\t\t\t\t\"web\": \"{{ $env.WEBHOOK_URL }}\",\n\t\t\t\t\"ID\": 28\n\t\t\t},\n\t\t\t\"portalData\": {},\n\t\t\t\"recordId\": \"28\",\n\t\t\t\"modId\": \"1\"\n\t\t}, {\n\t\t\t\"fieldData\": {\n\t\t\t\t\"first_name\": \"Willow\",\n\t\t\t\t\"last_name\": \"Kusko\",\n\t\t\t\t\"company_name\": \"U Pull It\",\n\t\t\t\t\"address\": \"90991 Thorburn Ave\",\n\t\t\t\t\"city\": \"New York\",\n\t\t\t\t\"county\": \"New York\",\n\t\t\t\t\"state\": \"NY\",\n\t\t\t\t\"zip\": \"10011\",\n\t\t\t\t\"phone1\": \"212-582-4976\",\n\t\t\t\t\"phone2\": \"212-934-5167\",\n\t\t\t\t\"email\": \"wkusko@yahoo.com\",\n\t\t\t\t\"web\": \"{{ $env.WEBHOOK_URL }}\",\n\t\t\t\t\"ID\": 29\n\t\t\t},\n\t\t\t\"portalData\": {},\n\t\t\t\"recordId\": \"29\",\n\t\t\t\"modId\": \"1\"\n\t\t}, {\n\t\t\t\"fieldData\": {\n\t\t\t\t\"first_name\": \"Bernardo\",\n\t\t\t\t\"last_name\": \"Figeroa\",\n\t\t\t\t\"company_name\": \"Clark, Richard Cpa\",\n\t\t\t\t\"address\": \"386 9th Ave N\",\n\t\t\t\t\"city\": \"Conroe\",\n\t\t\t\t\"county\": \"Montgomery\",\n\t\t\t\t\"state\": \"TX\",\n\t\t\t\t\"zip\": \"77301\",\n\t\t\t\t\"phone1\": \"936-336-3951\",\n\t\t\t\t\"phone2\": \"936-597-3614\",\n\t\t\t\t\"email\": \"bfigeroa@aol.com\",\n\t\t\t\t\"web\": \"{{ $env.WEBHOOK_URL }}\",\n\t\t\t\t\"ID\": 30\n\t\t\t},\n\t\t\t\"portalData\": {},\n\t\t\t\"recordId\": \"30\",\n\t\t\t\"modId\": \"1\"\n\t\t}, {\n\t\t\t\"fieldData\": {\n\t\t\t\t\"first_name\": \"Ammie\",\n\t\t\t\t\"last_name\": \"Corrio\",\n\t\t\t\t\"company_name\": \"Moskowitz, Barry S\",\n\t\t\t\t\"address\": \"74874 Atlantic Ave\",\n\t\t\t\t\"city\": \"Columbus\",\n\t\t\t\t\"county\": \"Franklin\",\n\t\t\t\t\"state\": \"OH\",\n\t\t\t\t\"zip\": \"43215\",\n\t\t\t\t\"phone1\": \"614-801-9788\",\n\t\t\t\t\"phone2\": \"614-648-3265\",\n\t\t\t\t\"email\": \"ammie@corrio.com\",\n\t\t\t\t\"web\": \"{{ $env.WEBHOOK_URL }}\",\n\t\t\t\t\"ID\": 31\n\t\t\t},\n\t\t\t\"portalData\": {},\n\t\t\t\"recordId\": \"31\",\n\t\t\t\"modId\": \"1\"\n\t\t}, {\n\t\t\t\"fieldData\": {\n\t\t\t\t\"first_name\": \"Francine\",\n\t\t\t\t\"last_name\": \"Vocelka\",\n\t\t\t\t\"company_name\": \"Cascade Realty Advisors Inc\",\n\t\t\t\t\"address\": \"366 South Dr\",\n\t\t\t\t\"city\": \"Las Cruces\",\n\t\t\t\t\"county\": \"Dona Ana\",\n\t\t\t\t\"state\": \"NM\",\n\t\t\t\t\"zip\": \"88011\",\n\t\t\t\t\"phone1\": \"505-977-3911\",\n\t\t\t\t\"phone2\": \"505-335-5293\",\n\t\t\t\t\"email\": \"francine_vocelka@vocelka.com\",\n\t\t\t\t\"web\": \"{{ $env.WEBHOOK_URL }}\",\n\t\t\t\t\"ID\": 32\n\t\t\t},\n\t\t\t\"portalData\": {},\n\t\t\t\"recordId\": \"32\",\n\t\t\t\"modId\": \"1\"\n\t\t}, {\n\t\t\t\"fieldData\": {\n\t\t\t\t\"first_name\": \"Ernie\",\n\t\t\t\t\"last_name\": \"Stenseth\",\n\t\t\t\t\"company_name\": \"Knwz Newsradio\",\n\t\t\t\t\"address\": \"45 E Liberty St\",\n\t\t\t\t\"city\": \"Ridgefield Park\",\n\t\t\t\t\"county\": \"Bergen\",\n\t\t\t\t\"state\": \"NJ\",\n\t\t\t\t\"zip\": \"07660\",\n\t\t\t\t\"phone1\": \"201-709-6245\",\n\t\t\t\t\"phone2\": \"201-387-9093\",\n\t\t\t\t\"email\": \"ernie_stenseth@aol.com\",\n\t\t\t\t\"web\": \"{{ $env.WEBHOOK_URL }}\",\n\t\t\t\t\"ID\": 33\n\t\t\t},\n\t\t\t\"portalData\": {},\n\t\t\t\"recordId\": \"33\",\n\t\t\t\"modId\": \"1\"\n\t\t}, {\n\t\t\t\"fieldData\": {\n\t\t\t\t\"first_name\": \"Albina\",\n\t\t\t\t\"last_name\": \"Glick\",\n\t\t\t\t\"company_name\": \"Giampetro, Anthony D\",\n\t\t\t\t\"address\": \"4 Ralph Ct\",\n\t\t\t\t\"city\": \"Dunellen\",\n\t\t\t\t\"county\": \"Middlesex\",\n\t\t\t\t\"state\": \"NJ\",\n\t\t\t\t\"zip\": \"08812\",\n\t\t\t\t\"phone1\": \"732-924-7882\",\n\t\t\t\t\"phone2\": \"732-782-6701\",\n\t\t\t\t\"email\": \"albina@glick.com\",\n\t\t\t\t\"web\": \"{{ $env.WEBHOOK_URL }}\",\n\t\t\t\t\"ID\": 34\n\t\t\t},\n\t\t\t\"portalData\": {},\n\t\t\t\"recordId\": \"34\",\n\t\t\t\"modId\": \"1\"\n\t\t}, {\n\t\t\t\"fieldData\": {\n\t\t\t\t\"first_name\": \"Alishia\",\n\t\t\t\t\"last_name\": \"Sergi\",\n\t\t\t\t\"company_name\": \"Milford Enterprises Inc\",\n\t\t\t\t\"address\": \"2742 Distribution Way\",\n\t\t\t\t\"city\": \"New York\",\n\t\t\t\t\"county\": \"New York\",\n\t\t\t\t\"state\": \"NY\",\n\t\t\t\t\"zip\": \"10025\",\n\t\t\t\t\"phone1\": \"212-860-1579\",\n\t\t\t\t\"phone2\": \"212-753-2740\",\n\t\t\t\t\"email\": \"asergi@gmail.com\",\n\t\t\t\t\"web\": \"{{ $env.WEBHOOK_URL }}\",\n\t\t\t\t\"ID\": 35\n\t\t\t},\n\t\t\t\"portalData\": {},\n\t\t\t\"recordId\": \"35\",\n\t\t\t\"modId\": \"1\"\n\t\t}, {\n\t\t\t\"fieldData\": {\n\t\t\t\t\"first_name\": \"Solange\",\n\t\t\t\t\"last_name\": \"Shinko\",\n\t\t\t\t\"company_name\": \"Mosocco, Ronald A\",\n\t\t\t\t\"address\": \"426 Wolf St\",\n\t\t\t\t\"city\": \"Metairie\",\n\t\t\t\t\"county\": \"Jefferson\",\n\t\t\t\t\"state\": \"LA\",\n\t\t\t\t\"zip\": \"70002\",\n\t\t\t\t\"phone1\": \"504-979-9175\",\n\t\t\t\t\"phone2\": \"504-265-8174\",\n\t\t\t\t\"email\": \"solange@shinko.com\",\n\t\t\t\t\"web\": \"{{ $env.WEBHOOK_URL }}\",\n\t\t\t\t\"ID\": 36\n\t\t\t},\n\t\t\t\"portalData\": {},\n\t\t\t\"recordId\": \"36\",\n\t\t\t\"modId\": \"1\"\n\t\t}, {\n\t\t\t\"fieldData\": {\n\t\t\t\t\"first_name\": \"Jose\",\n\t\t\t\t\"last_name\": \"Stockham\",\n\t\t\t\t\"company_name\": \"Tri State Refueler Co\",\n\t\t\t\t\"address\": \"128 Bransten Rd\",\n\t\t\t\t\"city\": \"New York\",\n\t\t\t\t\"county\": \"New York\",\n\t\t\t\t\"state\": \"NY\",\n\t\t\t\t\"zip\": \"10011\",\n\t\t\t\t\"phone1\": \"212-675-8570\",\n\t\t\t\t\"phone2\": \"212-569-4233\",\n\t\t\t\t\"email\": \"jose@yahoo.com\",\n\t\t\t\t\"web\": \"{{ $env.WEBHOOK_URL }}\",\n\t\t\t\t\"ID\": 37\n\t\t\t},\n\t\t\t\"portalData\": {},\n\t\t\t\"recordId\": \"37\",\n\t\t\t\"modId\": \"1\"\n\t\t}, {\n\t\t\t\"fieldData\": {\n\t\t\t\t\"first_name\": \"Rozella\",\n\t\t\t\t\"last_name\": \"Ostrosky\",\n\t\t\t\t\"company_name\": \"Parkway Company\",\n\t\t\t\t\"address\": \"17 Morena Blvd\",\n\t\t\t\t\"city\": \"Camarillo\",\n\t\t\t\t\"county\": \"Ventura\",\n\t\t\t\t\"state\": \"CA\",\n\t\t\t\t\"zip\": \"93012\",\n\t\t\t\t\"phone1\": \"805-832-6163\",\n\t\t\t\t\"phone2\": \"805-609-1531\",\n\t\t\t\t\"email\": \"rozella.ostrosky@ostrosky.com\",\n\t\t\t\t\"web\": \"{{ $env.WEBHOOK_URL }}\",\n\t\t\t\t\"ID\": 38\n\t\t\t},\n\t\t\t\"portalData\": {},\n\t\t\t\"recordId\": \"38\",\n\t\t\t\"modId\": \"1\"\n\t\t}, {\n\t\t\t\"fieldData\": {\n\t\t\t\t\"first_name\": \"Valentine\",\n\t\t\t\t\"last_name\": \"Gillian\",\n\t\t\t\t\"company_name\": \"Fbs Business Finance\",\n\t\t\t\t\"address\": \"775 W 17th St\",\n\t\t\t\t\"city\": \"San Antonio\",\n\t\t\t\t\"county\": \"Bexar\",\n\t\t\t\t\"state\": \"TX\",\n\t\t\t\t\"zip\": \"78204\",\n\t\t\t\t\"phone1\": \"210-812-9597\",\n\t\t\t\t\"phone2\": \"210-300-6244\",\n\t\t\t\t\"email\": \"valentine_gillian@gmail.com\",\n\t\t\t\t\"web\": \"{{ $env.WEBHOOK_URL }}\",\n\t\t\t\t\"ID\": 39\n\t\t\t},\n\t\t\t\"portalData\": {},\n\t\t\t\"recordId\": \"39\",\n\t\t\t\"modId\": \"1\"\n\t\t}, {\n\t\t\t\"fieldData\": {\n\t\t\t\t\"first_name\": \"Kati\",\n\t\t\t\t\"last_name\": \"Rulapaugh\",\n\t\t\t\t\"company_name\": \"Eder Assocs Consltng Engrs Pc\",\n\t\t\t\t\"address\": \"6980 Dorsett Rd\",\n\t\t\t\t\"city\": \"Abilene\",\n\t\t\t\t\"county\": \"Dickinson\",\n\t\t\t\t\"state\": \"KS\",\n\t\t\t\t\"zip\": \"67410\",\n\t\t\t\t\"phone1\": \"785-463-7829\",\n\t\t\t\t\"phone2\": \"785-219-7724\",\n\t\t\t\t\"email\": \"kati.rulapaugh@hotmail.com\",\n\t\t\t\t\"web\": \"{{ $env.WEBHOOK_URL }}\",\n\t\t\t\t\"ID\": 40\n\t\t\t},\n\t\t\t\"portalData\": {},\n\t\t\t\"recordId\": \"40\",\n\t\t\t\"modId\": \"1\"\n\t\t}, {\n\t\t\t\"fieldData\": {\n\t\t\t\t\"first_name\": \"Youlanda\",\n\t\t\t\t\"last_name\": \"Schemmer\",\n\t\t\t\t\"company_name\": \"Tri M Tool Inc\",\n\t\t\t\t\"address\": \"2881 Lewis Rd\",\n\t\t\t\t\"city\": \"Prineville\",\n\t\t\t\t\"county\": \"Crook\",\n\t\t\t\t\"state\": \"OR\",\n\t\t\t\t\"zip\": \"97754\",\n\t\t\t\t\"phone1\": \"541-548-8197\",\n\t\t\t\t\"phone2\": \"541-993-2611\",\n\t\t\t\t\"email\": \"youlanda@aol.com\",\n\t\t\t\t\"web\": \"{{ $env.WEBHOOK_URL }}\",\n\t\t\t\t\"ID\": 41\n\t\t\t},\n\t\t\t\"portalData\": {},\n\t\t\t\"recordId\": \"41\",\n\t\t\t\"modId\": \"1\"\n\t\t}, {\n\t\t\t\"fieldData\": {\n\t\t\t\t\"first_name\": \"Dyan\",\n\t\t\t\t\"last_name\": \"Oldroyd\",\n\t\t\t\t\"company_name\": \"International Eyelets Inc\",\n\t\t\t\t\"address\": \"7219 Woodfield Rd\",\n\t\t\t\t\"city\": \"Overland Park\",\n\t\t\t\t\"county\": \"Johnson\",\n\t\t\t\t\"state\": \"KS\",\n\t\t\t\t\"zip\": \"66204\",\n\t\t\t\t\"phone1\": \"913-413-4604\",\n\t\t\t\t\"phone2\": \"913-645-8918\",\n\t\t\t\t\"email\": \"doldroyd@aol.com\",\n\t\t\t\t\"web\": \"{{ $env.WEBHOOK_URL }}\",\n\t\t\t\t\"ID\": 42\n\t\t\t},\n\t\t\t\"portalData\": {},\n\t\t\t\"recordId\": \"42\",\n\t\t\t\"modId\": \"1\"\n\t\t}, {\n\t\t\t\"fieldData\": {\n\t\t\t\t\"first_name\": \"Roxane\",\n\t\t\t\t\"last_name\": \"Campain\",\n\t\t\t\t\"company_name\": \"Rapid Trading Intl\",\n\t\t\t\t\"address\": \"1048 Main St\",\n\t\t\t\t\"city\": \"Fairbanks\",\n\t\t\t\t\"county\": \"Fairbanks North Star\",\n\t\t\t\t\"state\": \"AK\",\n\t\t\t\t\"zip\": \"99708\",\n\t\t\t\t\"phone1\": \"907-231-4722\",\n\t\t\t\t\"phone2\": \"907-335-6568\",\n\t\t\t\t\"email\": \"roxane@hotmail.com\",\n\t\t\t\t\"web\": \"{{ $env.API_BASE_URL }}\",\n\t\t\t\t\"ID\": 43\n\t\t\t},\n\t\t\t\"portalData\": {},\n\t\t\t\"recordId\": \"43\",\n\t\t\t\"modId\": \"1\"\n\t\t}, {\n\t\t\t\"fieldData\": {\n\t\t\t\t\"first_name\": \"Lavera\",\n\t\t\t\t\"last_name\": \"Perin\",\n\t\t\t\t\"company_name\": \"Abc Enterprises Inc\",\n\t\t\t\t\"address\": \"678 3rd Ave\",\n\t\t\t\t\"city\": \"Miami\",\n\t\t\t\t\"county\": \"Miami-Dade\",\n\t\t\t\t\"state\": \"FL\",\n\t\t\t\t\"zip\": \"33196\",\n\t\t\t\t\"phone1\": \"305-606-7291\",\n\t\t\t\t\"phone2\": \"305-995-2078\",\n\t\t\t\t\"email\": \"lperin@perin.org\",\n\t\t\t\t\"web\": \"{{ $env.WEBHOOK_URL }}\",\n\t\t\t\t\"ID\": 44\n\t\t\t},\n\t\t\t\"portalData\": {},\n\t\t\t\"recordId\": \"44\",\n\t\t\t\"modId\": \"1\"\n\t\t}, {\n\t\t\t\"fieldData\": {\n\t\t\t\t\"first_name\": \"Erick\",\n\t\t\t\t\"last_name\": \"Ferencz\",\n\t\t\t\t\"company_name\": \"Cindy Turner Associates\",\n\t\t\t\t\"address\": \"20 S Babcock St\",\n\t\t\t\t\"city\": \"Fairbanks\",\n\t\t\t\t\"county\": \"Fairbanks North Star\",\n\t\t\t\t\"state\": \"AK\",\n\t\t\t\t\"zip\": \"99712\",\n\t\t\t\t\"phone1\": \"907-741-1044\",\n\t\t\t\t\"phone2\": \"907-227-6777\",\n\t\t\t\t\"email\": \"erick.ferencz@aol.com\",\n\t\t\t\t\"web\": \"{{ $env.WEBHOOK_URL }}\",\n\t\t\t\t\"ID\": 45\n\t\t\t},\n\t\t\t\"portalData\": {},\n\t\t\t\"recordId\": \"45\",\n\t\t\t\"modId\": \"1\"\n\t\t}, {\n\t\t\t\"fieldData\": {\n\t\t\t\t\"first_name\": \"Fatima\",\n\t\t\t\t\"last_name\": \"Saylors\",\n\t\t\t\t\"company_name\": \"Stanton, James D Esq\",\n\t\t\t\t\"address\": \"2 Lighthouse Ave\",\n\t\t\t\t\"city\": \"Hopkins\",\n\t\t\t\t\"county\": \"Hennepin\",\n\t\t\t\t\"state\": \"MN\",\n\t\t\t\t\"zip\": \"55343\",\n\t\t\t\t\"phone1\": \"952-768-2416\",\n\t\t\t\t\"phone2\": \"952-479-2375\",\n\t\t\t\t\"email\": \"fsaylors@saylors.org\",\n\t\t\t\t\"web\": \"{{ $env.WEBHOOK_URL }}\",\n\t\t\t\t\"ID\": 46\n\t\t\t},\n\t\t\t\"portalData\": {},\n\t\t\t\"recordId\": \"46\",\n\t\t\t\"modId\": \"1\"\n\t\t}, {\n\t\t\t\"fieldData\": {\n\t\t\t\t\"first_name\": \"Jina\",\n\t\t\t\t\"last_name\": \"Briddick\",\n\t\t\t\t\"company_name\": \"Grace Pastries Inc\",\n\t\t\t\t\"address\": \"38938 Park Blvd\",\n\t\t\t\t\"city\": \"Boston\",\n\t\t\t\t\"county\": \"Suffolk\",\n\t\t\t\t\"state\": \"MA\",\n\t\t\t\t\"zip\": \"02128\",\n\t\t\t\t\"phone1\": \"617-399-5124\",\n\t\t\t\t\"phone2\": \"617-997-5771\",\n\t\t\t\t\"email\": \"jina_briddick@briddick.com\",\n\t\t\t\t\"web\": \"{{ $env.WEBHOOK_URL }}\",\n\t\t\t\t\"ID\": 47\n\t\t\t},\n\t\t\t\"portalData\": {},\n\t\t\t\"recordId\": \"47\",\n\t\t\t\"modId\": \"1\"\n\t\t}, {\n\t\t\t\"fieldData\": {\n\t\t\t\t\"first_name\": \"Kanisha\",\n\t\t\t\t\"last_name\": \"Waycott\",\n\t\t\t\t\"company_name\": \"Schroer, Gene E Esq\",\n\t\t\t\t\"address\": \"5 Tomahawk Dr\",\n\t\t\t\t\"city\": \"Los Angeles\",\n\t\t\t\t\"county\": \"Los Angeles\",\n\t\t\t\t\"state\": \"CA\",\n\t\t\t\t\"zip\": \"90006\",\n\t\t\t\t\"phone1\": \"323-453-2780\",\n\t\t\t\t\"phone2\": \"323-315-7314\",\n\t\t\t\t\"email\": \"kanisha_waycott@yahoo.com\",\n\t\t\t\t\"web\": \"{{ $env.WEBHOOK_URL }}\",\n\t\t\t\t\"ID\": 48\n\t\t\t},\n\t\t\t\"portalData\": {},\n\t\t\t\"recordId\": \"48\",\n\t\t\t\"modId\": \"1\"\n\t\t}, {\n\t\t\t\"fieldData\": {\n\t\t\t\t\"first_name\": \"Emerson\",\n\t\t\t\t\"last_name\": \"Bowley\",\n\t\t\t\t\"company_name\": \"Knights Inn\",\n\t\t\t\t\"address\": \"762 S Main St\",\n\t\t\t\t\"city\": \"Madison\",\n\t\t\t\t\"county\": \"Dane\",\n\t\t\t\t\"state\": \"WI\",\n\t\t\t\t\"zip\": \"53711\",\n\t\t\t\t\"phone1\": \"608-336-7444\",\n\t\t\t\t\"phone2\": \"608-658-7940\",\n\t\t\t\t\"email\": \"emerson.bowley@bowley.org\",\n\t\t\t\t\"web\": \"{{ $env.WEBHOOK_URL }}\",\n\t\t\t\t\"ID\": 49\n\t\t\t},\n\t\t\t\"portalData\": {},\n\t\t\t\"recordId\": \"49\",\n\t\t\t\"modId\": \"1\"\n\t\t}, {\n\t\t\t\"fieldData\": {\n\t\t\t\t\"first_name\": \"Blair\",\n\t\t\t\t\"last_name\": \"Malet\",\n\t\t\t\t\"company_name\": \"Bollinger Mach Shp & Shipyard\",\n\t\t\t\t\"address\": \"209 Decker Dr\",\n\t\t\t\t\"city\": \"Philadelphia\",\n\t\t\t\t\"county\": \"Philadelphia\",\n\t\t\t\t\"state\": \"PA\",\n\t\t\t\t\"zip\": \"19132\",\n\t\t\t\t\"phone1\": \"215-907-9111\",\n\t\t\t\t\"phone2\": \"215-794-4519\",\n\t\t\t\t\"email\": \"bmalet@yahoo.com\",\n\t\t\t\t\"web\": \"{{ $env.WEBHOOK_URL }}\",\n\t\t\t\t\"ID\": 50\n\t\t\t},\n\t\t\t\"portalData\": {},\n\t\t\t\"recordId\": \"50\",\n\t\t\t\"modId\": \"1\"\n\t\t}, {\n\t\t\t\"fieldData\": {\n\t\t\t\t\"first_name\": \"Brock\",\n\t\t\t\t\"last_name\": \"Bolognia\",\n\t\t\t\t\"company_name\": \"Orinda News\",\n\t\t\t\t\"address\": \"4486 W O St #1\",\n\t\t\t\t\"city\": \"New York\",\n\t\t\t\t\"county\": \"New York\",\n\t\t\t\t\"state\": \"NY\",\n\t\t\t\t\"zip\": \"10003\",\n\t\t\t\t\"phone1\": \"212-402-9216\",\n\t\t\t\t\"phone2\": \"212-617-5063\",\n\t\t\t\t\"email\": \"bbolognia@yahoo.com\",\n\t\t\t\t\"web\": \"{{ $env.WEBHOOK_URL }}\",\n\t\t\t\t\"ID\": 51\n\t\t\t},\n\t\t\t\"portalData\": {},\n\t\t\t\"recordId\": \"51\",\n\t\t\t\"modId\": \"1\"\n\t\t}, {\n\t\t\t\"fieldData\": {\n\t\t\t\t\"first_name\": \"Lorrie\",\n\t\t\t\t\"last_name\": \"Nestle\",\n\t\t\t\t\"company_name\": \"Ballard Spahr Andrews\",\n\t\t\t\t\"address\": \"39 S 7th St\",\n\t\t\t\t\"city\": \"Tullahoma\",\n\t\t\t\t\"county\": \"Coffee\",\n\t\t\t\t\"state\": \"TN\",\n\t\t\t\t\"zip\": \"37388\",\n\t\t\t\t\"phone1\": \"931-875-6644\",\n\t\t\t\t\"phone2\": \"931-303-6041\",\n\t\t\t\t\"email\": \"lnestle@hotmail.com\",\n\t\t\t\t\"web\": \"{{ $env.WEBHOOK_URL }}\",\n\t\t\t\t\"ID\": 52\n\t\t\t},\n\t\t\t\"portalData\": {},\n\t\t\t\"recordId\": \"52\",\n\t\t\t\"modId\": \"1\"\n\t\t}, {\n\t\t\t\"fieldData\": {\n\t\t\t\t\"first_name\": \"Sabra\",\n\t\t\t\t\"last_name\": \"Uyetake\",\n\t\t\t\t\"company_name\": \"Lowy Limousine Service\",\n\t\t\t\t\"address\": \"98839 Hawthorne Blvd #6101\",\n\t\t\t\t\"city\": \"Columbia\",\n\t\t\t\t\"county\": \"Richland\",\n\t\t\t\t\"state\": \"SC\",\n\t\t\t\t\"zip\": \"29201\",\n\t\t\t\t\"phone1\": \"803-925-5213\",\n\t\t\t\t\"phone2\": \"803-681-3678\",\n\t\t\t\t\"email\": \"sabra@uyetake.org\",\n\t\t\t\t\"web\": \"{{ $env.WEBHOOK_URL }}\",\n\t\t\t\t\"ID\": 53\n\t\t\t},\n\t\t\t\"portalData\": {},\n\t\t\t\"recordId\": \"53\",\n\t\t\t\"modId\": \"1\"\n\t\t}, {\n\t\t\t\"fieldData\": {\n\t\t\t\t\"first_name\": \"Marjory\",\n\t\t\t\t\"last_name\": \"Mastella\",\n\t\t\t\t\"company_name\": \"Vicon Corporation\",\n\t\t\t\t\"address\": \"71 San Mateo Ave\",\n\t\t\t\t\"city\": \"Wayne\",\n\t\t\t\t\"county\": \"Delaware\",\n\t\t\t\t\"state\": \"PA\",\n\t\t\t\t\"zip\": \"19087\",\n\t\t\t\t\"phone1\": \"610-814-5533\",\n\t\t\t\t\"phone2\": \"610-379-7125\",\n\t\t\t\t\"email\": \"mmastella@mastella.com\",\n\t\t\t\t\"web\": \"{{ $env.WEBHOOK_URL }}\",\n\t\t\t\t\"ID\": 54\n\t\t\t},\n\t\t\t\"portalData\": {},\n\t\t\t\"recordId\": \"54\",\n\t\t\t\"modId\": \"1\"\n\t\t}, {\n\t\t\t\"fieldData\": {\n\t\t\t\t\"first_name\": \"Karl\",\n\t\t\t\t\"last_name\": \"Klonowski\",\n\t\t\t\t\"company_name\": \"Rossi, Michael M\",\n\t\t\t\t\"address\": \"76 Brooks St #9\",\n\t\t\t\t\"city\": \"Flemington\",\n\t\t\t\t\"county\": \"Hunterdon\",\n\t\t\t\t\"state\": \"NJ\",\n\t\t\t\t\"zip\": \"08822\",\n\t\t\t\t\"phone1\": \"908-877-6135\",\n\t\t\t\t\"phone2\": \"908-470-4661\",\n\t\t\t\t\"email\": \"karl_klonowski@yahoo.com\",\n\t\t\t\t\"web\": \"{{ $env.WEBHOOK_URL }}\",\n\t\t\t\t\"ID\": 55\n\t\t\t},\n\t\t\t\"portalData\": {},\n\t\t\t\"recordId\": \"55\",\n\t\t\t\"modId\": \"1\"\n\t\t}, {\n\t\t\t\"fieldData\": {\n\t\t\t\t\"first_name\": \"Tonette\",\n\t\t\t\t\"last_name\": \"Wenner\",\n\t\t\t\t\"company_name\": \"Northwest Publishing\",\n\t\t\t\t\"address\": \"4545 Courthouse Rd\",\n\t\t\t\t\"city\": \"Westbury\",\n\t\t\t\t\"county\": \"Nassau\",\n\t\t\t\t\"state\": \"NY\",\n\t\t\t\t\"zip\": \"11590\",\n\t\t\t\t\"phone1\": \"516-968-6051\",\n\t\t\t\t\"phone2\": \"516-333-4861\",\n\t\t\t\t\"email\": \"twenner@aol.com\",\n\t\t\t\t\"web\": \"{{ $env.WEBHOOK_URL }}\",\n\t\t\t\t\"ID\": 56\n\t\t\t},\n\t\t\t\"portalData\": {},\n\t\t\t\"recordId\": \"56\",\n\t\t\t\"modId\": \"1\"\n\t\t}, {\n\t\t\t\"fieldData\": {\n\t\t\t\t\"first_name\": \"Amber\",\n\t\t\t\t\"last_name\": \"Monarrez\",\n\t\t\t\t\"company_name\": \"Branford Wire & Mfg Co\",\n\t\t\t\t\"address\": \"14288 Foster Ave #4121\",\n\t\t\t\t\"city\": \"Jenkintown\",\n\t\t\t\t\"county\": \"Montgomery\",\n\t\t\t\t\"state\": \"PA\",\n\t\t\t\t\"zip\": \"19046\",\n\t\t\t\t\"phone1\": \"215-934-8655\",\n\t\t\t\t\"phone2\": \"215-329-6386\",\n\t\t\t\t\"email\": \"amber_monarrez@monarrez.org\",\n\t\t\t\t\"web\": \"{{ $env.WEBHOOK_URL }}\",\n\t\t\t\t\"ID\": 57\n\t\t\t},\n\t\t\t\"portalData\": {},\n\t\t\t\"recordId\": \"57\",\n\t\t\t\"modId\": \"1\"\n\t\t}, {\n\t\t\t\"fieldData\": {\n\t\t\t\t\"first_name\": \"Shenika\",\n\t\t\t\t\"last_name\": \"Seewald\",\n\t\t\t\t\"company_name\": \"East Coast Marketing\",\n\t\t\t\t\"address\": \"4 Otis St\",\n\t\t\t\t\"city\": \"Van Nuys\",\n\t\t\t\t\"county\": \"Los Angeles\",\n\t\t\t\t\"state\": \"CA\",\n\t\t\t\t\"zip\": \"91405\",\n\t\t\t\t\"phone1\": \"818-423-4007\",\n\t\t\t\t\"phone2\": \"818-749-8650\",\n\t\t\t\t\"email\": \"shenika@gmail.com\",\n\t\t\t\t\"web\": \"{{ $env.WEBHOOK_URL }}\",\n\t\t\t\t\"ID\": 58\n\t\t\t},\n\t\t\t\"portalData\": {},\n\t\t\t\"recordId\": \"58\",\n\t\t\t\"modId\": \"1\"\n\t\t}, {\n\t\t\t\"fieldData\": {\n\t\t\t\t\"first_name\": \"Delmy\",\n\t\t\t\t\"last_name\": \"Ahle\",\n\t\t\t\t\"company_name\": \"Wye Technologies Inc\",\n\t\t\t\t\"address\": \"65895 S 16th St\",\n\t\t\t\t\"city\": \"Providence\",\n\t\t\t\t\"county\": \"Providence\",\n\t\t\t\t\"state\": \"RI\",\n\t\t\t\t\"zip\": \"02909\",\n\t\t\t\t\"phone1\": \"401-458-2547\",\n\t\t\t\t\"phone2\": \"401-559-8961\",\n\t\t\t\t\"email\": \"delmy.ahle@hotmail.com\",\n\t\t\t\t\"web\": \"{{ $env.WEBHOOK_URL }}\",\n\t\t\t\t\"ID\": 59\n\t\t\t},\n\t\t\t\"portalData\": {},\n\t\t\t\"recordId\": \"59\",\n\t\t\t\"modId\": \"1\"\n\t\t}, {\n\t\t\t\"fieldData\": {\n\t\t\t\t\"first_name\": \"Deeanna\",\n\t\t\t\t\"last_name\": \"Juhas\",\n\t\t\t\t\"company_name\": \"Healy, George W Iv\",\n\t\t\t\t\"address\": \"14302 Pennsylvania Ave\",\n\t\t\t\t\"city\": \"Huntingdon Valley\",\n\t\t\t\t\"county\": \"Montgomery\",\n\t\t\t\t\"state\": \"PA\",\n\t\t\t\t\"zip\": \"19006\",\n\t\t\t\t\"phone1\": \"215-211-9589\",\n\t\t\t\t\"phone2\": \"215-417-9563\",\n\t\t\t\t\"email\": \"deeanna_juhas@gmail.com\",\n\t\t\t\t\"web\": \"{{ $env.WEBHOOK_URL }}\",\n\t\t\t\t\"ID\": 60\n\t\t\t},\n\t\t\t\"portalData\": {},\n\t\t\t\"recordId\": \"60\",\n\t\t\t\"modId\": \"1\"\n\t\t}, {\n\t\t\t\"fieldData\": {\n\t\t\t\t\"first_name\": \"Blondell\",\n\t\t\t\t\"last_name\": \"Pugh\",\n\t\t\t\t\"company_name\": \"Alpenlite Inc\",\n\t\t\t\t\"address\": \"201 Hawk Ct\",\n\t\t\t\t\"city\": \"Providence\",\n\t\t\t\t\"county\": \"Providence\",\n\t\t\t\t\"state\": \"RI\",\n\t\t\t\t\"zip\": \"02904\",\n\t\t\t\t\"phone1\": \"401-960-8259\",\n\t\t\t\t\"phone2\": \"401-300-8122\",\n\t\t\t\t\"email\": \"bpugh@aol.com\",\n\t\t\t\t\"web\": \"{{ $env.WEBHOOK_URL }}\",\n\t\t\t\t\"ID\": 61\n\t\t\t},\n\t\t\t\"portalData\": {},\n\t\t\t\"recordId\": \"61\",\n\t\t\t\"modId\": \"1\"\n\t\t}, {\n\t\t\t\"fieldData\": {\n\t\t\t\t\"first_name\": \"Jamal\",\n\t\t\t\t\"last_name\": \"Vanausdal\",\n\t\t\t\t\"company_name\": \"Hubbard, Bruce Esq\",\n\t\t\t\t\"address\": \"53075 Sw 152nd Ter #615\",\n\t\t\t\t\"city\": \"Monroe Township\",\n\t\t\t\t\"county\": \"Middlesex\",\n\t\t\t\t\"state\": \"NJ\",\n\t\t\t\t\"zip\": \"08831\",\n\t\t\t\t\"phone1\": \"732-234-1546\",\n\t\t\t\t\"phone2\": \"732-904-2931\",\n\t\t\t\t\"email\": \"jamal@vanausdal.org\",\n\t\t\t\t\"web\": \"{{ $env.WEBHOOK_URL }}\",\n\t\t\t\t\"ID\": 62\n\t\t\t},\n\t\t\t\"portalData\": {},\n\t\t\t\"recordId\": \"62\",\n\t\t\t\"modId\": \"1\"\n\t\t}, {\n\t\t\t\"fieldData\": {\n\t\t\t\t\"first_name\": \"Cecily\",\n\t\t\t\t\"last_name\": \"Hollack\",\n\t\t\t\t\"company_name\": \"Arthur A Oliver & Son Inc\",\n\t\t\t\t\"address\": \"59 N Groesbeck Hwy\",\n\t\t\t\t\"city\": \"Austin\",\n\t\t\t\t\"county\": \"Travis\",\n\t\t\t\t\"state\": \"TX\",\n\t\t\t\t\"zip\": \"78731\",\n\t\t\t\t\"phone1\": \"512-486-3817\",\n\t\t\t\t\"phone2\": \"512-861-3814\",\n\t\t\t\t\"email\": \"cecily@hollack.org\",\n\t\t\t\t\"web\": \"{{ $env.WEBHOOK_URL }}\",\n\t\t\t\t\"ID\": 63\n\t\t\t},\n\t\t\t\"portalData\": {},\n\t\t\t\"recordId\": \"63\",\n\t\t\t\"modId\": \"1\"\n\t\t}, {\n\t\t\t\"fieldData\": {\n\t\t\t\t\"first_name\": \"Carmelina\",\n\t\t\t\t\"last_name\": \"Lindall\",\n\t\t\t\t\"company_name\": \"George Jessop Carter Jewelers\",\n\t\t\t\t\"address\": \"2664 Lewis Rd\",\n\t\t\t\t\"city\": \"Littleton\",\n\t\t\t\t\"county\": \"Douglas\",\n\t\t\t\t\"state\": \"CO\",\n\t\t\t\t\"zip\": \"80126\",\n\t\t\t\t\"phone1\": \"303-724-7371\",\n\t\t\t\t\"phone2\": \"303-874-5160\",\n\t\t\t\t\"email\": \"carmelina_lindall@lindall.com\",\n\t\t\t\t\"web\": \"{{ $env.WEBHOOK_URL }}\",\n\t\t\t\t\"ID\": 64\n\t\t\t},\n\t\t\t\"portalData\": {},\n\t\t\t\"recordId\": \"64\",\n\t\t\t\"modId\": \"1\"\n\t\t}, {\n\t\t\t\"fieldData\": {\n\t\t\t\t\"first_name\": \"Maurine\",\n\t\t\t\t\"last_name\": \"Yglesias\",\n\t\t\t\t\"company_name\": \"Schultz, Thomas C Md\",\n\t\t\t\t\"address\": \"59 Shady Ln #53\",\n\t\t\t\t\"city\": \"Milwaukee\",\n\t\t\t\t\"county\": \"Milwaukee\",\n\t\t\t\t\"state\": \"WI\",\n\t\t\t\t\"zip\": \"53214\",\n\t\t\t\t\"phone1\": \"414-748-1374\",\n\t\t\t\t\"phone2\": \"414-573-7719\",\n\t\t\t\t\"email\": \"maurine_yglesias@yglesias.com\",\n\t\t\t\t\"web\": \"{{ $env.WEBHOOK_URL }}\",\n\t\t\t\t\"ID\": 65\n\t\t\t},\n\t\t\t\"portalData\": {},\n\t\t\t\"recordId\": \"65\",\n\t\t\t\"modId\": \"1\"\n\t\t}, {\n\t\t\t\"fieldData\": {\n\t\t\t\t\"first_name\": \"Tawna\",\n\t\t\t\t\"last_name\": \"Buvens\",\n\t\t\t\t\"company_name\": \"H H H Enterprises Inc\",\n\t\t\t\t\"address\": \"3305 Nabell Ave #679\",\n\t\t\t\t\"city\": \"New York\",\n\t\t\t\t\"county\": \"New York\",\n\t\t\t\t\"state\": \"NY\",\n\t\t\t\t\"zip\": \"10009\",\n\t\t\t\t\"phone1\": \"212-674-9610\",\n\t\t\t\t\"phone2\": \"212-462-9157\",\n\t\t\t\t\"email\": \"tawna@gmail.com\",\n\t\t\t\t\"web\": \"{{ $env.WEBHOOK_URL }}\",\n\t\t\t\t\"ID\": 66\n\t\t\t},\n\t\t\t\"portalData\": {},\n\t\t\t\"recordId\": \"66\",\n\t\t\t\"modId\": \"1\"\n\t\t}, {\n\t\t\t\"fieldData\": {\n\t\t\t\t\"first_name\": \"Penney\",\n\t\t\t\t\"last_name\": \"Weight\",\n\t\t\t\t\"company_name\": \"Hawaiian King Hotel\",\n\t\t\t\t\"address\": \"18 Fountain St\",\n\t\t\t\t\"city\": \"Anchorage\",\n\t\t\t\t\"county\": \"Anchorage\",\n\t\t\t\t\"state\": \"AK\",\n\t\t\t\t\"zip\": \"99515\",\n\t\t\t\t\"phone1\": \"907-797-9628\",\n\t\t\t\t\"phone2\": \"907-873-2882\",\n\t\t\t\t\"email\": \"penney_weight@aol.com\",\n\t\t\t\t\"web\": \"{{ $env.WEBHOOK_URL }}\",\n\t\t\t\t\"ID\": 67\n\t\t\t},\n\t\t\t\"portalData\": {},\n\t\t\t\"recordId\": \"67\",\n\t\t\t\"modId\": \"1\"\n\t\t}, {\n\t\t\t\"fieldData\": {\n\t\t\t\t\"first_name\": \"Elly\",\n\t\t\t\t\"last_name\": \"Morocco\",\n\t\t\t\t\"company_name\": \"Killion Industries\",\n\t\t\t\t\"address\": \"7 W 32nd St\",\n\t\t\t\t\"city\": \"Erie\",\n\t\t\t\t\"county\": \"Erie\",\n\t\t\t\t\"state\": \"PA\",\n\t\t\t\t\"zip\": \"16502\",\n\t\t\t\t\"phone1\": \"814-393-5571\",\n\t\t\t\t\"phone2\": \"814-420-3553\",\n\t\t\t\t\"email\": \"elly_morocco@gmail.com\",\n\t\t\t\t\"web\": \"{{ $env.WEBHOOK_URL }}\",\n\t\t\t\t\"ID\": 68\n\t\t\t},\n\t\t\t\"portalData\": {},\n\t\t\t\"recordId\": \"68\",\n\t\t\t\"modId\": \"1\"\n\t\t}, {\n\t\t\t\"fieldData\": {\n\t\t\t\t\"first_name\": \"Ilene\",\n\t\t\t\t\"last_name\": \"Eroman\",\n\t\t\t\t\"company_name\": \"Robinson, William J Esq\",\n\t\t\t\t\"address\": \"2853 S Central Expy\",\n\t\t\t\t\"city\": \"Glen Burnie\",\n\t\t\t\t\"county\": \"Anne Arundel\",\n\t\t\t\t\"state\": \"MD\",\n\t\t\t\t\"zip\": \"21061\",\n\t\t\t\t\"phone1\": \"410-914-9018\",\n\t\t\t\t\"phone2\": \"410-937-4543\",\n\t\t\t\t\"email\": \"ilene.eroman@hotmail.com\",\n\t\t\t\t\"web\": \"{{ $env.WEBHOOK_URL }}\",\n\t\t\t\t\"ID\": 69\n\t\t\t},\n\t\t\t\"portalData\": {},\n\t\t\t\"recordId\": \"69\",\n\t\t\t\"modId\": \"1\"\n\t\t}, {\n\t\t\t\"fieldData\": {\n\t\t\t\t\"first_name\": \"Vallie\",\n\t\t\t\t\"last_name\": \"Mondella\",\n\t\t\t\t\"company_name\": \"Private Properties\",\n\t\t\t\t\"address\": \"74 W College St\",\n\t\t\t\t\"city\": \"Boise\",\n\t\t\t\t\"county\": \"Ada\",\n\t\t\t\t\"state\": \"ID\",\n\t\t\t\t\"zip\": \"83707\",\n\t\t\t\t\"phone1\": \"208-862-5339\",\n\t\t\t\t\"phone2\": \"208-737-8439\",\n\t\t\t\t\"email\": \"vmondella@mondella.com\",\n\t\t\t\t\"web\": \"{{ $env.WEBHOOK_URL }}\",\n\t\t\t\t\"ID\": 70\n\t\t\t},\n\t\t\t\"portalData\": {},\n\t\t\t\"recordId\": \"70\",\n\t\t\t\"modId\": \"1\"\n\t\t}, {\n\t\t\t\"fieldData\": {\n\t\t\t\t\"first_name\": \"Kallie\",\n\t\t\t\t\"last_name\": \"Blackwood\",\n\t\t\t\t\"company_name\": \"Rowley Schlimgen Inc\",\n\t\t\t\t\"address\": \"701 S Harrison Rd\",\n\t\t\t\t\"city\": \"San Francisco\",\n\t\t\t\t\"county\": \"San Francisco\",\n\t\t\t\t\"state\": \"CA\",\n\t\t\t\t\"zip\": \"94104\",\n\t\t\t\t\"phone1\": \"415-315-2761\",\n\t\t\t\t\"phone2\": \"415-604-7609\",\n\t\t\t\t\"email\": \"kallie.blackwood@gmail.com\",\n\t\t\t\t\"web\": \"{{ $env.WEBHOOK_URL }}\",\n\t\t\t\t\"ID\": 71\n\t\t\t},\n\t\t\t\"portalData\": {},\n\t\t\t\"recordId\": \"71\",\n\t\t\t\"modId\": \"1\"\n\t\t}, {\n\t\t\t\"fieldData\": {\n\t\t\t\t\"first_name\": \"Johnetta\",\n\t\t\t\t\"last_name\": \"Abdallah\",\n\t\t\t\t\"company_name\": \"Forging Specialties\",\n\t\t\t\t\"address\": \"1088 Pinehurst St\",\n\t\t\t\t\"city\": \"Chapel Hill\",\n\t\t\t\t\"county\": \"Orange\",\n\t\t\t\t\"state\": \"NC\",\n\t\t\t\t\"zip\": \"27514\",\n\t\t\t\t\"phone1\": \"919-225-9345\",\n\t\t\t\t\"phone2\": \"919-715-3791\",\n\t\t\t\t\"email\": \"johnetta_abdallah@aol.com\",\n\t\t\t\t\"web\": \"{{ $env.WEBHOOK_URL }}\",\n\t\t\t\t\"ID\": 72\n\t\t\t},\n\t\t\t\"portalData\": {},\n\t\t\t\"recordId\": \"72\",\n\t\t\t\"modId\": \"1\"\n\t\t}, {\n\t\t\t\"fieldData\": {\n\t\t\t\t\"first_name\": \"Bobbye\",\n\t\t\t\t\"last_name\": \"Rhym\",\n\t\t\t\t\"company_name\": \"Smits, Patricia Garity\",\n\t\t\t\t\"address\": \"30 W 80th St #1995\",\n\t\t\t\t\"city\": \"San Carlos\",\n\t\t\t\t\"county\": \"San Mateo\",\n\t\t\t\t\"state\": \"CA\",\n\t\t\t\t\"zip\": \"94070\",\n\t\t\t\t\"phone1\": \"650-528-5783\",\n\t\t\t\t\"phone2\": \"650-811-9032\",\n\t\t\t\t\"email\": \"brhym@rhym.com\",\n\t\t\t\t\"web\": \"{{ $env.WEBHOOK_URL }}\",\n\t\t\t\t\"ID\": 73\n\t\t\t},\n\t\t\t\"portalData\": {},\n\t\t\t\"recordId\": \"73\",\n\t\t\t\"modId\": \"1\"\n\t\t}, {\n\t\t\t\"fieldData\": {\n\t\t\t\t\"first_name\": \"Micaela\",\n\t\t\t\t\"last_name\": \"Rhymes\",\n\t\t\t\t\"company_name\": \"H Lee Leonard Attorney At Law\",\n\t\t\t\t\"address\": \"20932 Hedley St\",\n\t\t\t\t\"city\": \"Concord\",\n\t\t\t\t\"county\": \"Contra Costa\",\n\t\t\t\t\"state\": \"CA\",\n\t\t\t\t\"zip\": \"94520\",\n\t\t\t\t\"phone1\": \"925-647-3298\",\n\t\t\t\t\"phone2\": \"925-522-7798\",\n\t\t\t\t\"email\": \"micaela_rhymes@gmail.com\",\n\t\t\t\t\"web\": \"{{ $env.WEBHOOK_URL }}\",\n\t\t\t\t\"ID\": 74\n\t\t\t},\n\t\t\t\"portalData\": {},\n\t\t\t\"recordId\": \"74\",\n\t\t\t\"modId\": \"1\"\n\t\t}, {\n\t\t\t\"fieldData\": {\n\t\t\t\t\"first_name\": \"Tamar\",\n\t\t\t\t\"last_name\": \"Hoogland\",\n\t\t\t\t\"company_name\": \"A K Construction Co\",\n\t\t\t\t\"address\": \"2737 Pistorio Rd #9230\",\n\t\t\t\t\"city\": \"London\",\n\t\t\t\t\"county\": \"Madison\",\n\t\t\t\t\"state\": \"OH\",\n\t\t\t\t\"zip\": \"43140\",\n\t\t\t\t\"phone1\": \"740-343-8575\",\n\t\t\t\t\"phone2\": \"740-526-5410\",\n\t\t\t\t\"email\": \"tamar@hotmail.com\",\n\t\t\t\t\"web\": \"{{ $env.WEBHOOK_URL }}\",\n\t\t\t\t\"ID\": 75\n\t\t\t},\n\t\t\t\"portalData\": {},\n\t\t\t\"recordId\": \"75\",\n\t\t\t\"modId\": \"1\"\n\t\t}, {\n\t\t\t\"fieldData\": {\n\t\t\t\t\"first_name\": \"Moon\",\n\t\t\t\t\"last_name\": \"Parlato\",\n\t\t\t\t\"company_name\": \"Ambelang, Jessica M Md\",\n\t\t\t\t\"address\": \"74989 Brandon St\",\n\t\t\t\t\"city\": \"Wellsville\",\n\t\t\t\t\"county\": \"Allegany\",\n\t\t\t\t\"state\": \"NY\",\n\t\t\t\t\"zip\": \"14895\",\n\t\t\t\t\"phone1\": \"585-866-8313\",\n\t\t\t\t\"phone2\": \"585-498-4278\",\n\t\t\t\t\"email\": \"moon@yahoo.com\",\n\t\t\t\t\"web\": \"{{ $env.WEBHOOK_URL }}\",\n\t\t\t\t\"ID\": 76\n\t\t\t},\n\t\t\t\"portalData\": {},\n\t\t\t\"recordId\": \"76\",\n\t\t\t\"modId\": \"1\"\n\t\t}, {\n\t\t\t\"fieldData\": {\n\t\t\t\t\"first_name\": \"Laurel\",\n\t\t\t\t\"last_name\": \"Reitler\",\n\t\t\t\t\"company_name\": \"Q A Service\",\n\t\t\t\t\"address\": \"6 Kains Ave\",\n\t\t\t\t\"city\": \"Baltimore\",\n\t\t\t\t\"county\": \"Baltimore City\",\n\t\t\t\t\"state\": \"MD\",\n\t\t\t\t\"zip\": \"21215\",\n\t\t\t\t\"phone1\": \"410-520-4832\",\n\t\t\t\t\"phone2\": \"410-957-6903\",\n\t\t\t\t\"email\": \"laurel_reitler@reitler.com\",\n\t\t\t\t\"web\": \"{{ $env.WEBHOOK_URL }}\",\n\t\t\t\t\"ID\": 77\n\t\t\t},\n\t\t\t\"portalData\": {},\n\t\t\t\"recordId\": \"77\",\n\t\t\t\"modId\": \"1\"\n\t\t}, {\n\t\t\t\"fieldData\": {\n\t\t\t\t\"first_name\": \"Delisa\",\n\t\t\t\t\"last_name\": \"Crupi\",\n\t\t\t\t\"company_name\": \"Wood & Whitacre Contractors\",\n\t\t\t\t\"address\": \"47565 W Grand Ave\",\n\t\t\t\t\"city\": \"Newark\",\n\t\t\t\t\"county\": \"Essex\",\n\t\t\t\t\"state\": \"NJ\",\n\t\t\t\t\"zip\": \"07105\",\n\t\t\t\t\"phone1\": \"973-354-2040\",\n\t\t\t\t\"phone2\": \"973-847-9611\",\n\t\t\t\t\"email\": \"delisa.crupi@crupi.com\",\n\t\t\t\t\"web\": \"{{ $env.WEBHOOK_URL }}\",\n\t\t\t\t\"ID\": 78\n\t\t\t},\n\t\t\t\"portalData\": {},\n\t\t\t\"recordId\": \"78\",\n\t\t\t\"modId\": \"1\"\n\t\t}, {\n\t\t\t\"fieldData\": {\n\t\t\t\t\"first_name\": \"Viva\",\n\t\t\t\t\"last_name\": \"Toelkes\",\n\t\t\t\t\"company_name\": \"Mark Iv Press Ltd\",\n\t\t\t\t\"address\": \"4284 Dorigo Ln\",\n\t\t\t\t\"city\": \"Chicago\",\n\t\t\t\t\"county\": \"Cook\",\n\t\t\t\t\"state\": \"IL\",\n\t\t\t\t\"zip\": \"60647\",\n\t\t\t\t\"phone1\": \"773-446-5569\",\n\t\t\t\t\"phone2\": \"773-352-3437\",\n\t\t\t\t\"email\": \"viva.toelkes@gmail.com\",\n\t\t\t\t\"web\": \"{{ $env.WEBHOOK_URL }}\",\n\t\t\t\t\"ID\": 79\n\t\t\t},\n\t\t\t\"portalData\": {},\n\t\t\t\"recordId\": \"79\",\n\t\t\t\"modId\": \"1\"\n\t\t}, {\n\t\t\t\"fieldData\": {\n\t\t\t\t\"first_name\": \"Elza\",\n\t\t\t\t\"last_name\": \"Lipke\",\n\t\t\t\t\"company_name\": \"Museum Of Science & Industry\",\n\t\t\t\t\"address\": \"6794 Lake Dr E\",\n\t\t\t\t\"city\": \"Newark\",\n\t\t\t\t\"county\": \"Essex\",\n\t\t\t\t\"state\": \"NJ\",\n\t\t\t\t\"zip\": \"07104\",\n\t\t\t\t\"phone1\": \"973-927-3447\",\n\t\t\t\t\"phone2\": \"973-796-3667\",\n\t\t\t\t\"email\": \"elza@yahoo.com\",\n\t\t\t\t\"web\": \"{{ $env.WEBHOOK_URL }}\",\n\t\t\t\t\"ID\": 80\n\t\t\t},\n\t\t\t\"portalData\": {},\n\t\t\t\"recordId\": \"80\",\n\t\t\t\"modId\": \"1\"\n\t\t}, {\n\t\t\t\"fieldData\": {\n\t\t\t\t\"first_name\": \"Devorah\",\n\t\t\t\t\"last_name\": \"Chickering\",\n\t\t\t\t\"company_name\": \"Garrison Ind\",\n\t\t\t\t\"address\": \"31 Douglas Blvd #950\",\n\t\t\t\t\"city\": \"Clovis\",\n\t\t\t\t\"county\": \"Curry\",\n\t\t\t\t\"state\": \"NM\",\n\t\t\t\t\"zip\": \"88101\",\n\t\t\t\t\"phone1\": \"505-975-8559\",\n\t\t\t\t\"phone2\": \"505-950-1763\",\n\t\t\t\t\"email\": \"devorah@hotmail.com\",\n\t\t\t\t\"web\": \"{{ $env.WEBHOOK_URL }}\",\n\t\t\t\t\"ID\": 81\n\t\t\t},\n\t\t\t\"portalData\": {},\n\t\t\t\"recordId\": \"81\",\n\t\t\t\"modId\": \"1\"\n\t\t}, {\n\t\t\t\"fieldData\": {\n\t\t\t\t\"first_name\": \"Timothy\",\n\t\t\t\t\"last_name\": \"Mulqueen\",\n\t\t\t\t\"company_name\": \"Saronix Nymph Products\",\n\t\t\t\t\"address\": \"44 W 4th St\",\n\t\t\t\t\"city\": \"Staten Island\",\n\t\t\t\t\"county\": \"Richmond\",\n\t\t\t\t\"state\": \"NY\",\n\t\t\t\t\"zip\": \"10309\",\n\t\t\t\t\"phone1\": \"718-332-6527\",\n\t\t\t\t\"phone2\": \"718-654-7063\",\n\t\t\t\t\"email\": \"timothy_mulqueen@mulqueen.org\",\n\t\t\t\t\"web\": \"{{ $env.WEBHOOK_URL }}\",\n\t\t\t\t\"ID\": 82\n\t\t\t},\n\t\t\t\"portalData\": {},\n\t\t\t\"recordId\": \"82\",\n\t\t\t\"modId\": \"1\"\n\t\t}, {\n\t\t\t\"fieldData\": {\n\t\t\t\t\"first_name\": \"Arlette\",\n\t\t\t\t\"last_name\": \"Honeywell\",\n\t\t\t\t\"company_name\": \"Smc Inc\",\n\t\t\t\t\"address\": \"11279 Loytan St\",\n\t\t\t\t\"city\": \"Jacksonville\",\n\t\t\t\t\"county\": \"Duval\",\n\t\t\t\t\"state\": \"FL\",\n\t\t\t\t\"zip\": \"32254\",\n\t\t\t\t\"phone1\": \"904-775-4480\",\n\t\t\t\t\"phone2\": \"904-514-9918\",\n\t\t\t\t\"email\": \"ahoneywell@honeywell.com\",\n\t\t\t\t\"web\": \"{{ $env.WEBHOOK_URL }}\",\n\t\t\t\t\"ID\": 83\n\t\t\t},\n\t\t\t\"portalData\": {},\n\t\t\t\"recordId\": \"83\",\n\t\t\t\"modId\": \"1\"\n\t\t}, {\n\t\t\t\"fieldData\": {\n\t\t\t\t\"first_name\": \"Dominque\",\n\t\t\t\t\"last_name\": \"Dickerson\",\n\t\t\t\t\"company_name\": \"E A I Electronic Assocs Inc\",\n\t\t\t\t\"address\": \"69 Marquette Ave\",\n\t\t\t\t\"city\": \"Hayward\",\n\t\t\t\t\"county\": \"Alameda\",\n\t\t\t\t\"state\": \"CA\",\n\t\t\t\t\"zip\": \"94545\",\n\t\t\t\t\"phone1\": \"510-993-3758\",\n\t\t\t\t\"phone2\": \"510-901-7640\",\n\t\t\t\t\"email\": \"dominque.dickerson@dickerson.org\",\n\t\t\t\t\"web\": \"{{ $env.WEBHOOK_URL }}\",\n\t\t\t\t\"ID\": 84\n\t\t\t},\n\t\t\t\"portalData\": {},\n\t\t\t\"recordId\": \"84\",\n\t\t\t\"modId\": \"1\"\n\t\t}, {\n\t\t\t\"fieldData\": {\n\t\t\t\t\"first_name\": \"Lettie\",\n\t\t\t\t\"last_name\": \"Isenhower\",\n\t\t\t\t\"company_name\": \"Conte, Christopher A Esq\",\n\t\t\t\t\"address\": \"70 W Main St\",\n\t\t\t\t\"city\": \"Beachwood\",\n\t\t\t\t\"county\": \"Cuyahoga\",\n\t\t\t\t\"state\": \"OH\",\n\t\t\t\t\"zip\": \"44122\",\n\t\t\t\t\"phone1\": \"216-657-7668\",\n\t\t\t\t\"phone2\": \"216-733-8494\",\n\t\t\t\t\"email\": \"lettie_isenhower@yahoo.com\",\n\t\t\t\t\"web\": \"{{ $env.WEBHOOK_URL }}\",\n\t\t\t\t\"ID\": 85\n\t\t\t},\n\t\t\t\"portalData\": {},\n\t\t\t\"recordId\": \"85\",\n\t\t\t\"modId\": \"1\"\n\t\t}, {\n\t\t\t\"fieldData\": {\n\t\t\t\t\"first_name\": \"Myra\",\n\t\t\t\t\"last_name\": \"Munns\",\n\t\t\t\t\"company_name\": \"Anker Law Office\",\n\t\t\t\t\"address\": \"461 Prospect Pl #316\",\n\t\t\t\t\"city\": \"Euless\",\n\t\t\t\t\"county\": \"Tarrant\",\n\t\t\t\t\"state\": \"TX\",\n\t\t\t\t\"zip\": \"76040\",\n\t\t\t\t\"phone1\": \"817-914-7518\",\n\t\t\t\t\"phone2\": \"817-451-3518\",\n\t\t\t\t\"email\": \"mmunns@cox.net\",\n\t\t\t\t\"web\": \"{{ $env.WEBHOOK_URL }}\",\n\t\t\t\t\"ID\": 86\n\t\t\t},\n\t\t\t\"portalData\": {},\n\t\t\t\"recordId\": \"86\",\n\t\t\t\"modId\": \"1\"\n\t\t}, {\n\t\t\t\"fieldData\": {\n\t\t\t\t\"first_name\": \"Stephaine\",\n\t\t\t\t\"last_name\": \"Barfield\",\n\t\t\t\t\"company_name\": \"Beutelschies & Company\",\n\t\t\t\t\"address\": \"47154 Whipple Ave Nw\",\n\t\t\t\t\"city\": \"Gardena\",\n\t\t\t\t\"county\": \"Los Angeles\",\n\t\t\t\t\"state\": \"CA\",\n\t\t\t\t\"zip\": \"90247\",\n\t\t\t\t\"phone1\": \"310-774-7643\",\n\t\t\t\t\"phone2\": \"310-968-1219\",\n\t\t\t\t\"email\": \"stephaine@barfield.com\",\n\t\t\t\t\"web\": \"{{ $env.WEBHOOK_URL }}\",\n\t\t\t\t\"ID\": 87\n\t\t\t},\n\t\t\t\"portalData\": {},\n\t\t\t\"recordId\": \"87\",\n\t\t\t\"modId\": \"1\"\n\t\t}, {\n\t\t\t\"fieldData\": {\n\t\t\t\t\"first_name\": \"Lai\",\n\t\t\t\t\"last_name\": \"Gato\",\n\t\t\t\t\"company_name\": \"Fligg, Kenneth I Jr\",\n\t\t\t\t\"address\": \"37 Alabama Ave\",\n\t\t\t\t\"city\": \"Evanston\",\n\t\t\t\t\"county\": \"Cook\",\n\t\t\t\t\"state\": \"IL\",\n\t\t\t\t\"zip\": \"60201\",\n\t\t\t\t\"phone1\": \"847-728-7286\",\n\t\t\t\t\"phone2\": \"847-957-4614\",\n\t\t\t\t\"email\": \"lai.gato@gato.org\",\n\t\t\t\t\"web\": \"{{ $env.WEBHOOK_URL }}\",\n\t\t\t\t\"ID\": 88\n\t\t\t},\n\t\t\t\"portalData\": {},\n\t\t\t\"recordId\": \"88\",\n\t\t\t\"modId\": \"1\"\n\t\t}, {\n\t\t\t\"fieldData\": {\n\t\t\t\t\"first_name\": \"Stephen\",\n\t\t\t\t\"last_name\": \"Emigh\",\n\t\t\t\t\"company_name\": \"Sharp, J Daniel Esq\",\n\t\t\t\t\"address\": \"3777 E Richmond St #900\",\n\t\t\t\t\"city\": \"Akron\",\n\t\t\t\t\"county\": \"Summit\",\n\t\t\t\t\"state\": \"OH\",\n\t\t\t\t\"zip\": \"44302\",\n\t\t\t\t\"phone1\": \"330-537-5358\",\n\t\t\t\t\"phone2\": \"330-700-2312\",\n\t\t\t\t\"email\": \"stephen_emigh@hotmail.com\",\n\t\t\t\t\"web\": \"{{ $env.WEBHOOK_URL }}\",\n\t\t\t\t\"ID\": 89\n\t\t\t},\n\t\t\t\"portalData\": {},\n\t\t\t\"recordId\": \"89\",\n\t\t\t\"modId\": \"1\"\n\t\t}, {\n\t\t\t\"fieldData\": {\n\t\t\t\t\"first_name\": \"Tyra\",\n\t\t\t\t\"last_name\": \"Shields\",\n\t\t\t\t\"company_name\": \"Assink, Anne H Esq\",\n\t\t\t\t\"address\": \"3 Fort Worth Ave\",\n\t\t\t\t\"city\": \"Philadelphia\",\n\t\t\t\t\"county\": \"Philadelphia\",\n\t\t\t\t\"state\": \"PA\",\n\t\t\t\t\"zip\": \"19106\",\n\t\t\t\t\"phone1\": \"215-255-1641\",\n\t\t\t\t\"phone2\": \"215-228-8264\",\n\t\t\t\t\"email\": \"tshields@gmail.com\",\n\t\t\t\t\"web\": \"{{ $env.WEBHOOK_URL }}\",\n\t\t\t\t\"ID\": 90\n\t\t\t},\n\t\t\t\"portalData\": {},\n\t\t\t\"recordId\": \"90\",\n\t\t\t\"modId\": \"1\"\n\t\t}, {\n\t\t\t\"fieldData\": {\n\t\t\t\t\"first_name\": \"Tammara\",\n\t\t\t\t\"last_name\": \"Wardrip\",\n\t\t\t\t\"company_name\": \"Jewel My Shop Inc\",\n\t\t\t\t\"address\": \"4800 Black Horse Pike\",\n\t\t\t\t\"city\": \"Burlingame\",\n\t\t\t\t\"county\": \"San Mateo\",\n\t\t\t\t\"state\": \"CA\",\n\t\t\t\t\"zip\": \"94010\",\n\t\t\t\t\"phone1\": \"650-803-1936\",\n\t\t\t\t\"phone2\": \"650-216-5075\",\n\t\t\t\t\"email\": \"twardrip@cox.net\",\n\t\t\t\t\"web\": \"{{ $env.WEBHOOK_URL }}\",\n\t\t\t\t\"ID\": 91\n\t\t\t},\n\t\t\t\"portalData\": {},\n\t\t\t\"recordId\": \"91\",\n\t\t\t\"modId\": \"1\"\n\t\t}, {\n\t\t\t\"fieldData\": {\n\t\t\t\t\"first_name\": \"Cory\",\n\t\t\t\t\"last_name\": \"Gibes\",\n\t\t\t\t\"company_name\": \"Chinese Translation Resources\",\n\t\t\t\t\"address\": \"83649 W Belmont Ave\",\n\t\t\t\t\"city\": \"San Gabriel\",\n\t\t\t\t\"county\": \"Los Angeles\",\n\t\t\t\t\"state\": \"CA\",\n\t\t\t\t\"zip\": \"91776\",\n\t\t\t\t\"phone1\": \"626-572-1096\",\n\t\t\t\t\"phone2\": \"626-696-2777\",\n\t\t\t\t\"email\": \"cory.gibes@gmail.com\",\n\t\t\t\t\"web\": \"{{ $env.WEBHOOK_URL }}\",\n\t\t\t\t\"ID\": 92\n\t\t\t},\n\t\t\t\"portalData\": {},\n\t\t\t\"recordId\": \"92\",\n\t\t\t\"modId\": \"1\"\n\t\t}, {\n\t\t\t\"fieldData\": {\n\t\t\t\t\"first_name\": \"Danica\",\n\t\t\t\t\"last_name\": \"Bruschke\",\n\t\t\t\t\"company_name\": \"Stevens, Charles T\",\n\t\t\t\t\"address\": \"840 15th Ave\",\n\t\t\t\t\"city\": \"Waco\",\n\t\t\t\t\"county\": \"McLennan\",\n\t\t\t\t\"state\": \"TX\",\n\t\t\t\t\"zip\": \"76708\",\n\t\t\t\t\"phone1\": \"254-782-8569\",\n\t\t\t\t\"phone2\": \"254-205-1422\",\n\t\t\t\t\"email\": \"danica_bruschke@gmail.com\",\n\t\t\t\t\"web\": \"{{ $env.WEBHOOK_URL }}\",\n\t\t\t\t\"ID\": 93\n\t\t\t},\n\t\t\t\"portalData\": {},\n\t\t\t\"recordId\": \"93\",\n\t\t\t\"modId\": \"1\"\n\t\t}, {\n\t\t\t\"fieldData\": {\n\t\t\t\t\"first_name\": \"Wilda\",\n\t\t\t\t\"last_name\": \"Giguere\",\n\t\t\t\t\"company_name\": \"Mclaughlin, Luther W Cpa\",\n\t\t\t\t\"address\": \"1747 Calle Amanecer #2\",\n\t\t\t\t\"city\": \"Anchorage\",\n\t\t\t\t\"county\": \"Anchorage\",\n\t\t\t\t\"state\": \"AK\",\n\t\t\t\t\"zip\": \"99501\",\n\t\t\t\t\"phone1\": \"907-870-5536\",\n\t\t\t\t\"phone2\": \"907-914-9482\",\n\t\t\t\t\"email\": \"wilda@cox.net\",\n\t\t\t\t\"web\": \"{{ $env.WEBHOOK_URL }}\",\n\t\t\t\t\"ID\": 94\n\t\t\t},\n\t\t\t\"portalData\": {},\n\t\t\t\"recordId\": \"94\",\n\t\t\t\"modId\": \"1\"\n\t\t}, {\n\t\t\t\"fieldData\": {\n\t\t\t\t\"first_name\": \"Elvera\",\n\t\t\t\t\"last_name\": \"Benimadho\",\n\t\t\t\t\"company_name\": \"Tree Musketeers\",\n\t\t\t\t\"address\": \"99385 Charity St #840\",\n\t\t\t\t\"city\": \"San Jose\",\n\t\t\t\t\"county\": \"Santa Clara\",\n\t\t\t\t\"state\": \"CA\",\n\t\t\t\t\"zip\": \"95110\",\n\t\t\t\t\"phone1\": \"408-703-8505\",\n\t\t\t\t\"phone2\": \"408-440-8447\",\n\t\t\t\t\"email\": \"elvera.benimadho@cox.net\",\n\t\t\t\t\"web\": \"{{ $env.WEBHOOK_URL }}\",\n\t\t\t\t\"ID\": 95\n\t\t\t},\n\t\t\t\"portalData\": {},\n\t\t\t\"recordId\": \"95\",\n\t\t\t\"modId\": \"1\"\n\t\t}, {\n\t\t\t\"fieldData\": {\n\t\t\t\t\"first_name\": \"Carma\",\n\t\t\t\t\"last_name\": \"Vanheusen\",\n\t\t\t\t\"company_name\": \"Springfield Div Oh Edison Co\",\n\t\t\t\t\"address\": \"68556 Central Hwy\",\n\t\t\t\t\"city\": \"San Leandro\",\n\t\t\t\t\"county\": \"Alameda\",\n\t\t\t\t\"state\": \"CA\",\n\t\t\t\t\"zip\": \"94577\",\n\t\t\t\t\"phone1\": \"510-503-7169\",\n\t\t\t\t\"phone2\": \"510-452-4835\",\n\t\t\t\t\"email\": \"carma@cox.net\",\n\t\t\t\t\"web\": \"{{ $env.WEBHOOK_URL }}\",\n\t\t\t\t\"ID\": 96\n\t\t\t},\n\t\t\t\"portalData\": {},\n\t\t\t\"recordId\": \"96\",\n\t\t\t\"modId\": \"1\"\n\t\t}, {\n\t\t\t\"fieldData\": {\n\t\t\t\t\"first_name\": \"Malinda\",\n\t\t\t\t\"last_name\": \"Hochard\",\n\t\t\t\t\"company_name\": \"Logan Memorial Hospital\",\n\t\t\t\t\"address\": \"55 Riverside Ave\",\n\t\t\t\t\"city\": \"Indianapolis\",\n\t\t\t\t\"county\": \"Marion\",\n\t\t\t\t\"state\": \"IN\",\n\t\t\t\t\"zip\": \"46202\",\n\t\t\t\t\"phone1\": \"317-722-5066\",\n\t\t\t\t\"phone2\": \"317-472-2412\",\n\t\t\t\t\"email\": \"malinda.hochard@yahoo.com\",\n\t\t\t\t\"web\": \"{{ $env.WEBHOOK_URL }}\",\n\t\t\t\t\"ID\": 97\n\t\t\t},\n\t\t\t\"portalData\": {},\n\t\t\t\"recordId\": \"97\",\n\t\t\t\"modId\": \"1\"\n\t\t}, {\n\t\t\t\"fieldData\": {\n\t\t\t\t\"first_name\": \"Natalie\",\n\t\t\t\t\"last_name\": \"Fern\",\n\t\t\t\t\"company_name\": \"Kelly, Charles G Esq\",\n\t\t\t\t\"address\": \"7140 University Ave\",\n\t\t\t\t\"city\": \"Rock Springs\",\n\t\t\t\t\"county\": \"Sweetwater\",\n\t\t\t\t\"state\": \"WY\",\n\t\t\t\t\"zip\": \"82901\",\n\t\t\t\t\"phone1\": \"307-704-8713\",\n\t\t\t\t\"phone2\": \"307-279-3793\",\n\t\t\t\t\"email\": \"natalie.fern@hotmail.com\",\n\t\t\t\t\"web\": \"{{ $env.WEBHOOK_URL }}\",\n\t\t\t\t\"ID\": 98\n\t\t\t},\n\t\t\t\"portalData\": {},\n\t\t\t\"recordId\": \"98\",\n\t\t\t\"modId\": \"1\"\n\t\t}, {\n\t\t\t\"fieldData\": {\n\t\t\t\t\"first_name\": \"Lisha\",\n\t\t\t\t\"last_name\": \"Centini\",\n\t\t\t\t\"company_name\": \"Industrial Paper Shredders Inc\",\n\t\t\t\t\"address\": \"64 5th Ave #1153\",\n\t\t\t\t\"city\": \"Mc Lean\",\n\t\t\t\t\"county\": \"Fairfax\",\n\t\t\t\t\"state\": \"VA\",\n\t\t\t\t\"zip\": \"22102\",\n\t\t\t\t\"phone1\": \"703-235-3937\",\n\t\t\t\t\"phone2\": \"703-475-7568\",\n\t\t\t\t\"email\": \"lisha@centini.org\",\n\t\t\t\t\"web\": \"{{ $env.WEBHOOK_URL }}\",\n\t\t\t\t\"ID\": 99\n\t\t\t},\n\t\t\t\"portalData\": {},\n\t\t\t\"recordId\": \"99\",\n\t\t\t\"modId\": \"1\"\n\t\t}, {\n\t\t\t\"fieldData\": {\n\t\t\t\t\"first_name\": \"Arlene\",\n\t\t\t\t\"last_name\": \"Klusman\",\n\t\t\t\t\"company_name\": \"Beck Horizon Builders\",\n\t\t\t\t\"address\": \"3 Secor Rd\",\n\t\t\t\t\"city\": \"New Orleans\",\n\t\t\t\t\"county\": \"Orleans\",\n\t\t\t\t\"state\": \"LA\",\n\t\t\t\t\"zip\": \"70112\",\n\t\t\t\t\"phone1\": \"504-710-5840\",\n\t\t\t\t\"phone2\": \"504-946-1807\",\n\t\t\t\t\"email\": \"arlene_klusman@gmail.com\",\n\t\t\t\t\"web\": \"{{ $env.WEBHOOK_URL }}\",\n\t\t\t\t\"ID\": 100\n\t\t\t},\n\t\t\t\"portalData\": {},\n\t\t\t\"recordId\": \"100\",\n\t\t\t\"modId\": \"1\"\n\t\t}]\n\t},\n\t\"messages\": [{\n\t\t\"code\": \"0\",\n\t\t\"message\": \"OK\"\n\t}]\n}\n\n}];"
      },
      "typeVersion": 1,
      "id": "0f2ef643-c3fd-4ad3-8a7b-2f6249f59e28",
      "notes": "This function node performs automated tasks as part of the workflow."
    },
    {
      "id": "error-ebff1cd0",
      "name": "Error Handler",
      "type": "n8n-nodes-base.stopAndError",
      "typeVersion": 1,
      "position": [
        1000,
        400
      ],
      "parameters": {
        "message": "Workflow execution error",
        "options": {}
      }
    }
  ],
  "connections": {},
  "name": "Itemlists Workflow",
  "description": "Automated workflow: Itemlists Workflow. This workflow processes data and performs automated tasks.",
  "settings": {
    "executionOrder": "v1",
    "saveManualExecutions": true,
    "callerPolicy": "workflowsFromSameOwner",
    "errorWorkflow": null,
    "timezone": "UTC",
    "executionTimeout": 3600,
    "maxExecutions": 1000,
    "retryOnFail": true,
    "retryCount": 3,
    "retryDelay": 1000
  },
  "meta": {
    "instanceId": "workflow-63e09657",
    "versionId": "1.0.0",
    "createdAt": "2025-09-29T07:07:45.059765",
    "updatedAt": "2025-09-29T07:07:45.059781",
    "owner": "n8n-user",
    "license": "MIT",
    "category": "automation",
    "status": "active",
    "priority": "high",
    "environment": "production"
  },
  "tags": [
    "automation",
    "n8n",
    "production-ready",
    "excellent",
    "optimized"
  ],
  "notes": "Excellent quality workflow: Itemlists Workflow. This workflow has been optimized for production use with comprehensive error handling, security, and documentation."
}