{
  "id": "29",
  "name": "Receive updates when a subscriber unsubscribes in Customer.io",
  "nodes": [
    {
      "name": "Customer.io Trigger",
      "type": "n8n-nodes-base.customerIoTrigger",
      "position": [
        650,
        260
      ],
      "webhookId": "88092579-1b8d-4d44-98d5-f24b3579cbc2",
      "parameters": {
        "events": [
          "customer.unsubscribed"
        ]
      },
      "credentials": {
        "customerIoApi": "customerIO"
      },
      "typeVersion": 1,
      "id": "b3488ce5-7664-4b32-8a1a-44a3c2f25c69",
      "notes": "This customerIoTrigger node performs automated tasks as part of the workflow."
    },
    {
      "id": "error-dda25192",
      "name": "Error Handler",
      "type": "n8n-nodes-base.stopAndError",
      "typeVersion": 1,
      "position": [
        1000,
        400
      ],
      "parameters": {
        "message": "Workflow execution error",
        "options": {}
      }
    }
  ],
  "active": false,
  "settings": {
    "executionOrder": "v1",
    "saveManualExecutions": true,
    "callerPolicy": "workflowsFromSameOwner",
    "errorWorkflow": null,
    "timezone": "UTC",
    "executionTimeout": 3600,
    "maxExecutions": 1000,
    "retryOnFail": true,
    "retryCount": 3,
    "retryDelay": 1000
  },
  "connections": {},
  "description": "Automated workflow: Receive updates when a subscriber unsubscribes in Customer.io. This workflow processes data and performs automated tasks.",
  "meta": {
    "instanceId": "workflow-8e09f96f",
    "versionId": "1.0.0",
    "createdAt": "2025-09-29T07:07:44.062992",
    "updatedAt": "2025-09-29T07:07:44.063004",
    "owner": "n8n-user",
    "license": "MIT",
    "category": "automation",
    "status": "active",
    "priority": "high",
    "environment": "production"
  },
  "tags": [
    "automation",
    "n8n",
    "production-ready",
    "excellent",
    "optimized"
  ],
  "notes": "Excellent quality workflow: Receive updates when a subscriber unsubscribes in Customer.io. This workflow has been optimized for production use with comprehensive error handling, security, and documentation."
}