{
  "id": "133",
  "name": "Receive updates for specified tasks in Flow",
  "nodes": [
    {
      "name": "Flow Trigger",
      "type": "n8n-nodes-base.flowTrigger",
      "position": [
        650,
        250
      ],
      "parameters": {
        "taskIds": "",
        "resource": "task"
      },
      "credentials": {
        "flowApi": ""
      },
      "typeVersion": 1,
      "id": "237fdc6d-9da9-4cd2-89ab-aa9b2b44b55c",
      "notes": "This flowTrigger node performs automated tasks as part of the workflow."
    },
    {
      "id": "error-b31d77ab",
      "name": "Error Handler",
      "type": "n8n-nodes-base.stopAndError",
      "typeVersion": 1,
      "position": [
        1000,
        400
      ],
      "parameters": {
        "message": "Workflow execution error",
        "options": {}
      }
    }
  ],
  "active": false,
  "settings": {
    "executionOrder": "v1",
    "saveManualExecutions": true,
    "callerPolicy": "workflowsFromSameOwner",
    "errorWorkflow": null,
    "timezone": "UTC",
    "executionTimeout": 3600,
    "maxExecutions": 1000,
    "retryOnFail": true,
    "retryCount": 3,
    "retryDelay": 1000
  },
  "connections": {},
  "description": "Automated workflow: Receive updates for specified tasks in Flow. This workflow processes data and performs automated tasks.",
  "meta": {
    "instanceId": "workflow-130e7c61",
    "versionId": "1.0.0",
    "createdAt": "2025-09-29T07:07:44.923276",
    "updatedAt": "2025-09-29T07:07:44.923289",
    "owner": "n8n-user",
    "license": "MIT",
    "category": "automation",
    "status": "active",
    "priority": "high",
    "environment": "production"
  },
  "tags": [
    "automation",
    "n8n",
    "production-ready",
    "excellent",
    "optimized"
  ],
  "notes": "Excellent quality workflow: Receive updates for specified tasks in Flow. This workflow has been optimized for production use with comprehensive error handling, security, and documentation."
}