{
  "nodes": [
    {
      "name": "Typeform Trigger",
      "type": "n8n-nodes-base.typeformTrigger",
      "position": [
        490,
        280
      ],
      "webhookId": "6c4b1aa0-226a-4875-bdc3-85bf2313085b",
      "parameters": {
        "formId": "dpr2kxSL",
        "simplifyAnswers": false
      },
      "credentials": {
        "typeformApi": "Typeform Burner Account"
      },
      "typeVersion": 1,
      "id": "node-0b64962c"
    },
    {
      "name": "APITemplate.io",
      "type": "n8n-nodes-base.apiTemplateIo",
      "position": [
        690,
        280
      ],
      "parameters": {
        "options": {
          "fileName": "invoice.pdf"
        },
        "download": true,
        "resource": "pdf",
        "pdfTemplateId": "96c77b2b1ab6ac88",
        "jsonParameters": true,
        "propertiesJson": "={\n  \"company\": \"n8n\",\n  \"email\": \"{{$json[\"1\"][\"email\"]}}\",\n  \"invoice_no\": \"213223444\",\n  \"invoice_date\": \"18-03-2021\",\n  \"invoice_due_date\": \"17-04-2021\",\n  \"address\": \"Berlin, Germany\",\n  \"company_bill_to\": \"{{$json[\"0\"][\"text\"]}}\",\n  \"website\": \"https://n8n.io\",\n  \"document_id\": \"889856789012\",\n  \"items\": [\n    {\n      \"item_name\": \"{{$json[\"2\"][\"text\"]}}\",\n      \"price\": \"EUR {{$json[\"3\"][\"number\"]}}\"\n    },\n    {\n      \"item_name\": \"{{$json[\"4\"][\"text\"]}}\",\n      \"price\": \"EUR {{$json[\"5\"][\"number\"]}}\"\n    }    \n    ]\n}"
      },
      "credentials": {
        "apiTemplateIoApi": "APITemplate Credentials"
      },
      "typeVersion": 1,
      "id": "node-a3b10651"
    },
    {
      "id": "error-45d598bb",
      "name": "Error Handler",
      "type": "n8n-nodes-base.stopAndError",
      "typeVersion": 1,
      "position": [
        1000,
        400
      ],
      "parameters": {
        "message": "Workflow execution error",
        "options": {}
      }
    }
  ],
  "connections": {},
  "name": "Production Workflow",
  "settings": {
    "executionOrder": "v1",
    "saveManualExecutions": true,
    "callerPolicy": "workflowsFromSameOwner",
    "errorWorkflow": null,
    "timezone": "UTC",
    "executionTimeout": 3600,
    "maxExecutions": 1000,
    "retryOnFail": true,
    "retryCount": 3
  },
  "meta": {
    "instanceId": "workflow-33e57651",
    "versionId": "1.0.0",
    "createdAt": "2025-09-29T07:07:42.112172",
    "updatedAt": "2025-09-29T07:07:42.112190",
    "owner": "n8n-user",
    "license": "MIT",
    "category": "automation",
    "status": "active",
    "priority": "high",
    "environment": "production"
  },
  "tags": [
    "automation",
    "n8n",
    "production-ready",
    "excellent",
    "optimized"
  ],
  "description": "Production-ready workflow: Production Workflow. This workflow has been optimized for production use with comprehensive error handling, security, and documentation."
}