{
  "meta": {
    "instanceId": "workflow-54530f4b",
    "versionId": "1.0.0",
    "createdAt": "2025-09-29T07:07:44.540231",
    "updatedAt": "2025-09-29T07:07:44.540243",
    "owner": "n8n-user",
    "license": "MIT",
    "category": "automation",
    "status": "active",
    "priority": "high",
    "environment": "production"
  },
  "nodes": [
    {
      "id": "24be8907-684e-4b57-9642-6f4a45ca7af3",
      "name": "Sticky Note",
      "type": "n8n-nodes-base.stickyNote",
      "position": [
        -380,
        -280
      ],
      "parameters": {
        "color": 7,
        "width": 680,
        "height": 660,
        "content": "## 1. Set up an MCP Server Trigger\n[Read more about the MCP Server Trigger]({{ $env.WEBHOOK_URL }}"
      },
      "typeVersion": 1,
      "notes": "This stickyNote node performs automated tasks as part of the workflow."
    },
    {
      "id": "d5845d0a-648f-4bc1-b087-bc0d17506ed3",
      "name": "Sticky Note3",
      "type": "n8n-nodes-base.stickyNote",
      "position": [
        -380,
        -400
      ],
      "parameters": {
        "color": 5,
        "width": 380,
        "height": 100,
        "content": "### Always Authenticate Your Server!\nBefore going to production, it's always advised to enable authentication on your MCP server trigger."
      },
      "typeVersion": 1,
      "notes": "This stickyNote node performs automated tasks as part of the workflow."
    },
    {
      "id": "fe9f1c8e-8334-4732-be3a-5ee49036e11e",
      "name": "FileSystem MCP Server",
      "type": "n8n-nodes-base.noOp",
      "position": [
        -180,
        -140
      ],
      "webhookId": "0d93cfd5-2fbf-457e-9535-5bfc9a73ba9e",
      "parameters": {
        "path": "0d93cfd5-2fbf-457e-9535-5bfc9a73ba9e"
      },
      "typeVersion": 1,
      "notes": "This mcpTrigger node performs automated tasks as part of the workflow."
    },
    {
      "id": "fb49782f-d8de-480b-a470-e37adb2e3036",
      "name": "ListDirectory",
      "type": "n8n-nodes-base.executeCommandTool",
      "position": [
        -300,
        60
      ],
      "parameters": {
        "command": "=ls /home/node/{{ $fromAI('path', 'optional, leave blank for project root directory.') }}",
        "toolDescription": "List directories under the project root folder. The project root directory is /home/node/"
      },
      "typeVersion": 1,
      "notes": "This executeCommandTool node performs automated tasks as part of the workflow."
    },
    {
      "id": "8fa93054-bcf5-4fbc-9825-df16be063eb2",
      "name": "CreateDirectory",
      "type": "n8n-nodes-base.executeCommandTool",
      "position": [
        -200,
        160
      ],
      "parameters": {
        "command": "=mkdir -p /home/node/{{ $fromAI('filename', 'name of directory. Will be scoped under the /home/node/ project root directory. Optionally use path to create within subdirectories') }}",
        "toolDescription": "Create directories under the project root folder. The project root folder is /home/node."
      },
      "typeVersion": 1,
      "notes": "This executeCommandTool node performs automated tasks as part of the workflow."
    },
    {
      "id": "aafe884d-0e6e-476a-92fe-b2111f624417",
      "name": "When Executed by Another Workflow",
      "type": "n8n-nodes-base.executeWorkflowTrigger",
      "position": [
        400,
        40
      ],
      "parameters": {
        "workflowInputs": {
          "values": [
            {
              "name": "operation"
            },
            {
              "name": "filenames",
              "type": "array"
            },
            {
              "name": "contents",
              "type": "array"
            }
          ]
        }
      },
      "typeVersion": 1.1,
      "notes": "This executeWorkflowTrigger node performs automated tasks as part of the workflow."
    },
    {
      "id": "d85925b6-d58d-43b5-a6ca-3e43cbc81121",
      "name": "Operation",
      "type": "n8n-nodes-base.switch",
      "position": [
        580,
        40
      ],
      "parameters": {
        "rules": {
          "values": [
            {
              "outputKey": "YOUR_CREDENTIAL_HERE",
              "conditions": {
                "options": {
                  "version": 2,
                  "leftValue": "",
                  "caseSensitive": true,
                  "typeValidation": "strict"
                },
                "combinator": "and",
                "conditions": [
                  {
                    "id": "c1da2138-e2df-46d4-b1f4-97525c05e778",
                    "operator": {
                      "type": "string",
                      "operation": "equals"
                    },
                    "leftValue": "={{ $json.operation }}",
                    "rightValue": "writeOneOrMultipleFiles"
                  }
                ]
              },
              "renameOutput": true
            },
            {
              "outputKey": "YOUR_CREDENTIAL_HERE",
              "conditions": {
                "options": {
                  "version": 2,
                  "leftValue": "",
                  "caseSensitive": true,
                  "typeValidation": "strict"
                },
                "combinator": "and",
                "conditions": [
                  {
                    "id": "cc02a5a2-609c-4dbe-bdb6-45f145947e47",
                    "operator": {
                      "name": "filter.operator.equals",
                      "type": "string",
                      "operation": "equals"
                    },
                    "leftValue": "={{ $json.operation }}",
                    "rightValue": "readOneOrMultipleFiles"
                  }
                ]
              },
              "renameOutput": true
            }
          ]
        },
        "options": {}
      },
      "typeVersion": 3.2,
      "notes": "This switch node performs automated tasks as part of the workflow."
    },
    {
      "id": "e9ec2928-5e33-4213-a53a-92b7d840d49e",
      "name": "readOneOrMultipleFiles",
      "type": "n8n-nodes-base.executeCommand",
      "position": [
        840,
        140
      ],
      "parameters": {
        "command": "=cat {{ $json.filenames.join(' ') }}"
      },
      "typeVersion": 1,
      "notes": "This executeCommand node performs automated tasks as part of the workflow."
    },
    {
      "id": "77ba2a48-b4b9-4a23-818d-e028a7762514",
      "name": "ReadFiles",
      "type": "n8n-nodes-base.noOp",
      "position": [
        40,
        160
      ],
      "parameters": {
        "name": "readFil",
        "workflowId": {
          "__rl": true,
          "mode": "id",
          "value": "={{ $workflow.id }}"
        },
        "description": "=Call this tool to read the contents of a file. Include file extension.",
        "workflowInputs": {
          "value": {
            "contents": "[]",
            "filenames": "={{ /*n8n-auto-generated-fromAI-override*/ $fromAI('filenames', `An array of filenames`, 'string') }}",
            "operation": "readOneOrMultipleFiles"
          },
          "schema": [
            {
              "id": "operation",
              "type": "string",
              "display": true,
              "removed": false,
              "required": false,
              "displayName": "operation",
              "defaultMatch": false,
              "canBeUsedToMatch": true
            },
            {
              "id": "filenames",
              "type": "array",
              "display": true,
              "removed": false,
              "required": false,
              "displayName": "filenames",
              "defaultMatch": false,
              "canBeUsedToMatch": true
            },
            {
              "id": "contents",
              "type": "array",
              "display": true,
              "removed": false,
              "required": false,
              "displayName": "contents",
              "defaultMatch": false,
              "canBeUsedToMatch": true
            }
          ],
          "mappingMode": "defineBelow",
          "matchingColumns": [],
          "attemptToConvertTypes": false,
          "convertFieldsToString": false
        }
      },
      "typeVersion": 2.1,
      "notes": "This toolWorkflow node performs automated tasks as part of the workflow."
    },
    {
      "id": "2ddf9a9a-cade-41c0-a068-482345452d4b",
      "name": "WriteFiles",
      "type": "n8n-nodes-base.noOp",
      "position": [
        140,
        60
      ],
      "parameters": {
        "name": "write_file",
        "workflowId": {
          "__rl": true,
          "mode": "id",
          "value": "={{ $workflow.id }}"
        },
        "description": "Call this tool to write contents to one or more files. Filenames and Contents are matched by their respective Array Indexes. Eg. To write to a single file, use { filenames: [<filename1>,<filename2>], contents: [<content1>,<content2>] } ",
        "workflowInputs": {
          "value": {
            "contents": "={{ /*n8n-auto-generated-fromAI-override*/ $fromAI('contents', `An array of strings for content to be written`, 'string') }}",
            "filenames": "={{ /*n8n-auto-generated-fromAI-override*/ $fromAI('filenames', `An array of strings for filenames`, 'string') }}",
            "operation": "writeOneOrMultipleFiles"
          },
          "schema": [
            {
              "id": "operation",
              "type": "string",
              "display": true,
              "removed": false,
              "required": false,
              "displayName": "operation",
              "defaultMatch": false,
              "canBeUsedToMatch": true
            },
            {
              "id": "filenames",
              "type": "array",
              "display": true,
              "removed": false,
              "required": false,
              "displayName": "filenames",
              "defaultMatch": false,
              "canBeUsedToMatch": true
            },
            {
              "id": "contents",
              "type": "array",
              "display": true,
              "removed": false,
              "required": false,
              "displayName": "contents",
              "defaultMatch": false,
              "canBeUsedToMatch": true
            }
          ],
          "mappingMode": "defineBelow",
          "matchingColumns": [],
          "attemptToConvertTypes": false,
          "convertFieldsToString": false
        }
      },
      "typeVersion": 2.1,
      "notes": "This toolWorkflow node performs automated tasks as part of the workflow."
    },
    {
      "id": "a5d9e11b-0583-4c67-b30b-be1d4185b891",
      "name": "writeOneOrMultipleFiles",
      "type": "n8n-nodes-base.executeCommand",
      "position": [
        840,
        -60
      ],
      "parameters": {
        "command": "={{\n$json.filenames.map((filename,idx) =>\n  `echo \"${$json.contents[idx] ?? ''}\" > /home/node/${filename}`\n).join('\\n')\n}}"
      },
      "typeVersion": 1,
      "notes": "This executeCommand node performs automated tasks as part of the workflow."
    },
    {
      "id": "de2f715c-b6d1-4702-9d39-2527108b5706",
      "name": "SearchDirectory",
      "type": "n8n-nodes-base.executeCommandTool",
      "position": [
        -80,
        240
      ],
      "parameters": {
        "command": "=find /home/node/ -name \"{{ $fromAI('filename', 'A name search paramter for the linux find tool') }}\"\n",
        "toolDescription": "Search the project folder for a file by name. The project root directory is /home/node/"
      },
      "typeVersion": 1,
      "notes": "This executeCommandTool node performs automated tasks as part of the workflow."
    },
    {
      "id": "a4918bb1-8882-45c8-a05c-a3e22912cc0f",
      "name": "Sticky Note1",
      "type": "n8n-nodes-base.stickyNote",
      "position": [
        320,
        -280
      ],
      "parameters": {
        "color": 7,
        "width": 740,
        "height": 660,
        "content": "## 2. Use Custom Workflow Tool for More Complex Commands\n[Learn more about the Execute Command tool]({{ $env.WEBHOOK_URL }}\n\n"
      },
      "typeVersion": 1,
      "notes": "This stickyNote node performs automated tasks as part of the workflow."
    },
    {
      "id": "ebf6c15b-e4e0-4db0-bb4e-36e204fb6a47",
      "name": "Sticky Note2",
      "type": "n8n-nodes-base.stickyNote",
      "position": [
        -880,
        -740
      ],
      "parameters": {
        "width": 460,
        "height": 1120,
        "content": "## Try It Out!\n### This n8n demonstrates how to build a simple FileSystem MCP server. Connecting to this server allows MCP clients and agents to list, read and create directories and files on the local machine or remote server.\n\nThis MCP example is based off an official MCP reference implementation which can be found here -{{ $env.WEBHOOK_URL }}\n\n### How it works\n* A MCP server trigger is used and connected to 5 tools: 3 Execute Command tools and 2 custom workflow tools.\n* The 3 Execute Command tools allow for listing, searching and creating directories. \n* The 2 custom workflow tools are for reading and writing files to disk.\n* Special care has been to not allow the MCP agent to execute arbitrary linux commands on the target server. This is achieved by only allowing the agent to provide parameters such as filenames and paths rather than raw commands. \n\n### How to use\n* This Filesystem MCP server will write to the server which hosts the n8n instance - this can be your local machine or a remove server. If your target filesystem is on neither, then modify the commands to connect to the desired server.\n* Connect your MCP client by following the n8n guidelines here - {{ $env.WEBHOOK_URL }}\n* Try the following queries in your MCP client:\n  * \"Please help me list all folders under the project directory.\"\n  * \"Help me create a bash script to send a notification to Slack.\"\n  * \"Search for the log file on the 22nd April and read its contents. What was the cause of the outage?\"\n\n### Requirements\n* Linux file system for this example template. Feel free to modify if working on Windows.\n* MCP Client or Agent for usage such as Claude Desktop - {{ $env.WEBHOOK_URL }}\n\n### Customising this workflow\n* Implement the moving and renaming of files by adding more custom workflow tools to the MCP server.\n* Remember to set the MCP server to require credentials before going to production and sharing this MCP server with others!"
      },
      "typeVersion": 1,
      "notes": "This stickyNote node performs automated tasks as part of the workflow."
    },
    {
      "id": "error-290ce245",
      "name": "Error Handler",
      "type": "n8n-nodes-base.stopAndError",
      "typeVersion": 1,
      "position": [
        1000,
        400
      ],
      "parameters": {
        "message": "Workflow execution error",
        "options": {}
      }
    }
  ],
  "pinData": {},
  "connections": {},
  "name": "Stickynote Workflow",
  "settings": {
    "executionOrder": "v1",
    "saveManualExecutions": true,
    "callerPolicy": "workflowsFromSameOwner",
    "errorWorkflow": null,
    "timezone": "UTC",
    "executionTimeout": 3600,
    "maxExecutions": 1000,
    "retryOnFail": true,
    "retryCount": 3,
    "retryDelay": 1000
  },
  "description": "Automated workflow: Stickynote Workflow. This workflow integrates 7 different services: stickyNote, switch, executeCommandTool, mcpTrigger, toolWorkflow. It contains 14 nodes and follows best practices for error handling and security.",
  "tags": [
    "automation",
    "n8n",
    "production-ready",
    "excellent",
    "optimized"
  ],
  "notes": "Excellent quality workflow: Stickynote Workflow. This workflow has been optimized for production use with comprehensive error handling, security, and documentation."
}