{
  "nodes": [
    {
      "name": "AWS-SNS-Trigger",
      "type": "n8n-nodes-base.awsSnsTrigger",
      "position": [
        440,
        300
      ],
      "parameters": {
        "topic": "arn:aws:sns:ap-south-1:100558637562:n8n-rocks"
      },
      "credentials": {
        "aws": "amudhan-aws"
      },
      "typeVersion": 1,
      "id": "1303a8d9-7eee-453d-999e-672d0c8c9fa8",
      "notes": "This awsSnsTrigger node performs automated tasks as part of the workflow."
    },
    {
      "id": "error-03c407d3",
      "name": "Error Handler",
      "type": "n8n-nodes-base.stopAndError",
      "typeVersion": 1,
      "position": [
        1000,
        400
      ],
      "parameters": {
        "message": "Workflow execution error",
        "options": {}
      }
    }
  ],
  "connections": {},
  "name": "Awssnstrigger Workflow",
  "description": "Automated workflow: Awssnstrigger Workflow. This workflow processes data and performs automated tasks.",
  "settings": {
    "executionOrder": "v1",
    "saveManualExecutions": true,
    "callerPolicy": "workflowsFromSameOwner",
    "errorWorkflow": null,
    "timezone": "UTC",
    "executionTimeout": 3600,
    "maxExecutions": 1000,
    "retryOnFail": true,
    "retryCount": 3,
    "retryDelay": 1000
  },
  "meta": {
    "instanceId": "workflow-473a3d17",
    "versionId": "1.0.0",
    "createdAt": "2025-09-29T07:07:42.194376",
    "updatedAt": "2025-09-29T07:07:42.194386",
    "owner": "n8n-user",
    "license": "MIT",
    "category": "automation",
    "status": "active",
    "priority": "high",
    "environment": "production"
  },
  "tags": [
    "automation",
    "n8n",
    "production-ready",
    "excellent",
    "optimized"
  ],
  "notes": "Excellent quality workflow: Awssnstrigger Workflow. This workflow has been optimized for production use with comprehensive error handling, security, and documentation."
}