[
  {
    "name": "Httprequest",
    "count": 822
  },
  {
    "name": "OpenAI",
    "count": 573
  },
  {
    "name": "Agent",
    "count": 368
  },
  {
    "name": "Webhook",
    "count": 323
  },
  {
    "name": "Form Trigger",
    "count": 309
  },
  {
    "name": "Splitout",
    "count": 286
  },
  {
    "name": "Google Sheets",
    "count": 285
  },
  {
    "name": "Splitinbatches",
    "count": 222
  },
  {
    "name": "Gmail",
    "count": 198
  },
  {
    "name": "Memorybufferwindow",
    "count": 196
  },
  {
    "name": "Chainllm",
    "count": 191
  },
  {
    "name": "Executeworkflow",
    "count": 189
  },
  {
    "name": "Telegram",
    "count": 184
  },
  {
    "name": "Chat",
    "count": 180
  },
  {
    "name": "Google Drive",
    "count": 174
  },
  {
    "name": "Outputparserstructured",
    "count": 154
  },
  {
    "name": "Slack",
    "count": 150
  },
  {
    "name": "Cal.com",
    "count": 147
  },
  {
    "name": "Airtable",
    "count": 118
  },
  {
    "name": "Extractfromfile",
    "count": 114
  },
  {
    "name": "Lmchatgooglegemini",
    "count": 113
  },
  {
    "name": "Documentdefaultdataloader",
    "count": 99
  },
  {
    "name": "Toolworkflow",
    "count": 82
  },
  {
    "name": "Html",
    "count": 80
  },
  {
    "name": "Respondtowebhook",
    "count": 80
  },
  {
    "name": "Textsplitterrecursivecharactertextsplitter",
    "count": 76
  },
  {
    "name": "Markdown",
    "count": 71
  },
  {
    "name": "Lmchatopenai",
    "count": 71
  },
  {
    "name": "Emailsend",
    "count": 71
  },
  {
    "name": "Notion",
    "count": 69
  },
  {
    "name": "Converttofile",
    "count": 69
  },
  {
    "name": "N8N",
    "count": 52
  },
  {
    "name": "PostgreSQL",
    "count": 50
  },
  {
    "name": "Chainsummarization",
    "count": 48
  },
  {
    "name": "GitHub",
    "count": 45
  },
  {
    "name": "Informationextractor",
    "count": 45
  },
  {
    "name": "Vectorstoreqdrant",
    "count": 45
  },
  {
    "name": "Toolhttprequest",
    "count": 44
  },
  {
    "name": "Itemlists",
    "count": 44
  },
  {
    "name": "LinkedIn",
    "count": 43
  },
  {
    "name": "Readwritefile",
    "count": 41
  },
  {
    "name": "Textclassifier",
    "count": 41
  },
  {
    "name": "Spreadsheetfile",
    "count": 36
  },
  {
    "name": "Hubspot",
    "count": 35
  },
  {
    "name": "Twitter/X",
    "count": 34
  },
  {
    "name": "Removeduplicates",
    "count": 32
  },
  {
    "name": "Rssfeedread",
    "count": 30
  },
  {
    "name": "Discord",
    "count": 30
  },
  {
    "name": "Mattermost",
    "count": 30
  },
  {
    "name": "Wordpress",
    "count": 29
  }
]