{
  "nodes": [
    {
      "name": "Clockify Trigger",
      "type": "n8n-nodes-base.clockifyTrigger",
      "position": [
        450,
        480
      ],
      "parameters": {
        "pollTimes": {
          "item": [
            {
              "mode": "everyMinute"
            }
          ]
        },
        "workspaceId": "5f115b31e3f0ad7f90326b39"
      },
      "credentials": {
        "clockifyApi": "clockify_creds"
      },
      "typeVersion": 1,
      "id": "0979ef09-53cb-4c68-a6d2-e584327467a6",
      "notes": "This clockifyTrigger node performs automated tasks as part of the workflow."
    },
    {
      "id": "error-cddcc900",
      "name": "Error Handler",
      "type": "n8n-nodes-base.stopAndError",
      "typeVersion": 1,
      "position": [
        1000,
        400
      ],
      "parameters": {
        "message": "Workflow execution error",
        "options": {}
      }
    }
  ],
  "connections": {},
  "name": "Clockifytrigger Workflow",
  "description": "Automated workflow: Clockifytrigger Workflow. This workflow processes data and performs automated tasks.",
  "settings": {
    "executionOrder": "v1",
    "saveManualExecutions": true,
    "callerPolicy": "workflowsFromSameOwner",
    "errorWorkflow": null,
    "timezone": "UTC",
    "executionTimeout": 3600,
    "maxExecutions": 1000,
    "retryOnFail": true,
    "retryCount": 3,
    "retryDelay": 1000
  },
  "meta": {
    "instanceId": "workflow-f65ea6f0",
    "versionId": "1.0.0",
    "createdAt": "2025-09-29T07:07:42.315624",
    "updatedAt": "2025-09-29T07:07:42.315634",
    "owner": "n8n-user",
    "license": "MIT",
    "category": "automation",
    "status": "active",
    "priority": "high",
    "environment": "production"
  },
  "tags": [
    "automation",
    "n8n",
    "production-ready",
    "excellent",
    "optimized"
  ],
  "notes": "Excellent quality workflow: Clockifytrigger Workflow. This workflow has been optimized for production use with comprehensive error handling, security, and documentation."
}