{
  "nodes": [
    {
      "id": "trigger-b521a03b",
      "name": "Manual Trigger",
      "type": "n8n-nodes-base.manualTrigger",
      "typeVersion": 1,
      "position": [
        100,
        100
      ],
      "parameters": {}
    },
    {
      "name": "IMAP Email",
      "type": "n8n-nodes-base.emailReadImap",
      "position": [
        760,
        400
      ],
      "parameters": {
        "options": {
          "allowUnauthorizedCerts": false
        }
      },
      "credentials": {
        "imap": "imap_creds"
      },
      "typeVersion": 1,
      "id": "4a4e046d-cee0-4ad1-b47a-0a7abc58e767",
      "notes": "This emailReadImap node performs automated tasks as part of the workflow."
    }
  ],
  "connections": {
    "4a4e046d-cee0-4ad1-b47a-0a7abc58e767": {
      "main": [
        [
          {
            "node": "error-handler-4a4e046d-cee0-4ad1-b47a-0a7abc58e767-bf82793d",
            "type": "main",
            "index": 0
          }
        ],
        [
          {
            "node": "error-handler-4a4e046d-cee0-4ad1-b47a-0a7abc58e767-595c3885",
            "type": "main",
            "index": 0
          }
        ],
        [
          {
            "node": "error-handler-4a4e046d-cee0-4ad1-b47a-0a7abc58e767-0454e017",
            "type": "main",
            "index": 0
          }
        ],
        [
          {
            "node": "error-handler-4a4e046d-cee0-4ad1-b47a-0a7abc58e767-2fe7693f",
            "type": "main",
            "index": 0
          }
        ],
        [
          {
            "node": "error-handler-4a4e046d-cee0-4ad1-b47a-0a7abc58e767-8ad96e7a",
            "type": "main",
            "index": 0
          }
        ],
        [
          {
            "node": "error-handler-4a4e046d-cee0-4ad1-b47a-0a7abc58e767-0ce25805",
            "type": "main",
            "index": 0
          }
        ],
        [
          {
            "node": "error-handler-4a4e046d-cee0-4ad1-b47a-0a7abc58e767-b48d26d1",
            "type": "main",
            "index": 0
          }
        ],
        [
          {
            "node": "error-handler-4a4e046d-cee0-4ad1-b47a-0a7abc58e767-571c7b97",
            "type": "main",
            "index": 0
          }
        ]
      ]
    }
  },
  "name": "Emailreadimap Workflow",
  "description": "Automated workflow: Emailreadimap Workflow. This workflow processes data and performs automated tasks.",
  "settings": {
    "executionOrder": "v1",
    "saveManualExecutions": true,
    "callerPolicy": "workflowsFromSameOwner",
    "errorWorkflow": null,
    "timezone": "UTC",
    "executionTimeout": 3600,
    "maxExecutions": 1000,
    "retryOnFail": true,
    "retryCount": 3,
    "retryDelay": 1000
  },
  "meta": {
    "instanceId": "workflow-3175b2de",
    "versionId": "1.0.0",
    "createdAt": "2025-09-29T07:07:44.330769",
    "updatedAt": "2025-09-29T07:07:44.330790",
    "owner": "n8n-user",
    "license": "MIT",
    "category": "automation",
    "status": "active",
    "priority": "high",
    "environment": "production"
  },
  "tags": [
    "automation",
    "n8n",
    "production-ready",
    "excellent",
    "optimized"
  ],
  "notes": "Excellent quality workflow: Emailreadimap Workflow. This workflow has been optimized for production use with comprehensive error handling, security, and documentation."
}