{
  "nodes": [
    {
      "name": "Google Drive Trigger",
      "type": "n8n-nodes-base.googleDriveTrigger",
      "position": [
        480,
        1480
      ],
      "parameters": {
        "event": "fileUpdated",
        "options": {},
        "triggerOn": "specificFolder",
        "folderToWatch": "{{ $env.WEBHOOK_URL }}[your_id]"
      },
      "credentials": {
        "googleDriveOAuth2Api": {
          "id": "{{ $credentials.googleDriveOAuth2Api.id }}",
          "name": "Google Drive account"
        }
      },
      "typeVersion": 1,
      "id": "0feb2324-889c-404d-9131-d63e8d0ba893",
      "notes": "This googleDriveTrigger node performs automated tasks as part of the workflow."
    },
    {
      "name": "Merge",
      "type": "n8n-nodes-base.merge",
      "position": [
        680,
        1560
      ],
      "parameters": {
        "mode": "removeKeyMatches",
        "propertyName1": "name.value",
        "propertyName2": "Key.value"
      },
      "typeVersion": 1,
      "id": "b163b0d1-ef02-49c2-a49b-75dfe4fd5923",
      "notes": "This merge node performs automated tasks as part of the workflow."
    },
    {
      "name": "AWS S3  - get",
      "type": "n8n-nodes-base.awsS3",
      "position": [
        480,
        1660
      ],
      "parameters": {
        "options": {},
        "operation": "getAll",
        "bucketName": "mybucket"
      },
      "credentials": {
        "aws": {
          "id": "{{ $credentials.aws.id }}",
          "name": "aws"
        }
      },
      "typeVersion": 1,
      "id": "df8098c9-ee36-4740-aa23-01120882112a",
      "notes": "This awsS3 node performs automated tasks as part of the workflow."
    },
    {
      "name": "AWS S3 - upload",
      "type": "n8n-nodes-base.awsS3",
      "position": [
        860,
        1560
      ],
      "parameters": {
        "tagsUi": {
          "tagsValues": [
            {
              "key": "YOUR_CREDENTIAL_HERE",
              "value": "gdrive"
            }
          ]
        },
        "fileName": "={{$json[\"name\"]}}",
        "operation": "upload",
        "binaryData": false,
        "bucketName": "mybucket",
        "additionalFields": {
          "serverSideEncryption": "AES256"
        }
      },
      "credentials": {
        "aws": {
          "id": "{{ $credentials.aws.id }}",
          "name": "aws"
        }
      },
      "typeVersion": 1,
      "id": "3f7495b5-e7c8-4f2e-82c4-bca01bc33c7d",
      "notes": "This awsS3 node performs automated tasks as part of the workflow."
    },
    {
      "id": "error-c4bfeeb7",
      "name": "Error Handler",
      "type": "n8n-nodes-base.stopAndError",
      "typeVersion": 1,
      "position": [
        1000,
        400
      ],
      "parameters": {
        "message": "Workflow execution error",
        "options": {}
      }
    }
  ],
  "connections": {},
  "name": "Googledrivetrigger Workflow",
  "description": "Automated workflow: Googledrivetrigger Workflow. This workflow processes data and performs automated tasks.",
  "settings": {
    "executionOrder": "v1",
    "saveManualExecutions": true,
    "callerPolicy": "workflowsFromSameOwner",
    "errorWorkflow": null,
    "timezone": "UTC",
    "executionTimeout": 3600,
    "maxExecutions": 1000,
    "retryOnFail": true,
    "retryCount": 3,
    "retryDelay": 1000
  },
  "meta": {
    "instanceId": "workflow-83b6c8b6",
    "versionId": "1.0.0",
    "createdAt": "2025-09-29T07:07:42.197333",
    "updatedAt": "2025-09-29T07:07:42.197398",
    "owner": "n8n-user",
    "license": "MIT",
    "category": "automation",
    "status": "active",
    "priority": "high",
    "environment": "production"
  },
  "tags": [
    "automation",
    "n8n",
    "production-ready",
    "excellent",
    "optimized"
  ],
  "notes": "Excellent quality workflow: Googledrivetrigger Workflow. This workflow has been optimized for production use with comprehensive error handling, security, and documentation."
}