{
  "nodes": [
    {
      "name": "Eventbrite Trigger",
      "type": "n8n-nodes-base.eventbriteTrigger",
      "position": [
        880,
        400
      ],
      "webhookId": "90ebf00a-536b-4553-b879-2e2c3e35bd60",
      "parameters": {
        "event": "114095913950",
        "actions": [
          "order.placed",
          "order.updated",
          "order.refunded"
        ],
        "organization": "461207981776"
      },
      "credentials": {
        "eventbriteApi": "eventbrite api"
      },
      "typeVersion": 1,
      "id": "49f529bc-931f-4868-b486-bd966288866e",
      "notes": "This eventbriteTrigger node performs automated tasks as part of the workflow."
    },
    {
      "id": "error-bbb62f36",
      "name": "Error Handler",
      "type": "n8n-nodes-base.stopAndError",
      "typeVersion": 1,
      "position": [
        1000,
        400
      ],
      "parameters": {
        "message": "Workflow execution error",
        "options": {}
      }
    }
  ],
  "connections": {},
  "name": "Eventbritetrigger Workflow",
  "description": "Automated workflow: Eventbritetrigger Workflow. This workflow processes data and performs automated tasks.",
  "settings": {
    "executionOrder": "v1",
    "saveManualExecutions": true,
    "callerPolicy": "workflowsFromSameOwner",
    "errorWorkflow": null,
    "timezone": "UTC",
    "executionTimeout": 3600,
    "maxExecutions": 1000,
    "retryOnFail": true,
    "retryCount": 3,
    "retryDelay": 1000
  },
  "meta": {
    "instanceId": "workflow-df29836c",
    "versionId": "1.0.0",
    "createdAt": "2025-09-29T07:07:44.514104",
    "updatedAt": "2025-09-29T07:07:44.514115",
    "owner": "n8n-user",
    "license": "MIT",
    "category": "automation",
    "status": "active",
    "priority": "high",
    "environment": "production"
  },
  "tags": [
    "automation",
    "n8n",
    "production-ready",
    "excellent",
    "optimized"
  ],
  "notes": "Excellent quality workflow: Eventbritetrigger Workflow. This workflow has been optimized for production use with comprehensive error handling, security, and documentation."
}