{
  "nodes": [
    {
      "id": "dee0969b-e780-400c-a8d2-383a392b9432",
      "name": "On Error",
      "type": "n8n-nodes-base.errorTrigger",
      "position": [
        880,
        900
      ],
      "parameters": {},
      "typeVersion": 1,
      "notes": "This errorTrigger node performs automated tasks as part of the workflow."
    },
    {
      "id": "018f4497-2a68-4de7-a59a-b6714d9211af",
      "name": "Sticky Note3",
      "type": "n8n-nodes-base.stickyNote",
      "position": [
        800,
        700
      ],
      "parameters": {
        "color": 5,
        "width": 424.4907862645661,
        "height": 154.7766688696994,
        "content": "### 👨‍🎤 Setup\n1. Add your Gmail creds\n2. Add your target email\n2. Add this error workflow to other workflows\n{{ $env.WEBHOOK_URL }}"
      },
      "typeVersion": 1,
      "notes": "This stickyNote node performs automated tasks as part of the workflow."
    },
    {
      "id": "b5d560c0-1de1-4e6c-be4d-0fef1dd42e9e",
      "name": "Sticky Note",
      "type": "n8n-nodes-base.stickyNote",
      "position": [
        1140,
        1080
      ],
      "parameters": {
        "width": 241,
        "height": 80,
        "content": "### 👆🏽 Set target email here"
      },
      "typeVersion": 1,
      "notes": "This stickyNote node performs automated tasks as part of the workflow."
    },
    {
      "id": "f1a73854-5b24-407e-9584-0448ae66f7a0",
      "name": "Gmail",
      "type": "n8n-nodes-base.gmail",
      "position": [
        1120,
        900
      ],
      "parameters": {
        "sendTo": "SET YOUR EMAIL HERE",
        "message": "=⚠️ Workflow `{{$json[\"workflow\"][\"name\"]}}` failed to run!\nYou can find the execution here: {{ $json.execution.url }}\n\nerror message from node {{ $json.execution.lastNodeExecuted }}: {{ $json.execution.error.message }}\n\n {{ $json.execution.error.stack }}",
        "options": {},
        "subject": "=🚨 Error in workflow: {{ $json.workflow.name }}",
        "emailType": "text"
      },
      "credentials": {
        "gmailOAuth2": {
          "id": "{{ $credentials.gmailOAuth2.id }}",
          "name": "Work Gmail account"
        }
      },
      "typeVersion": 2.1,
      "notes": "This gmail node performs automated tasks as part of the workflow."
    },
    {
      "id": "error-4017b05b",
      "name": "Error Handler",
      "type": "n8n-nodes-base.stopAndError",
      "typeVersion": 1,
      "position": [
        1000,
        400
      ],
      "parameters": {
        "message": "Workflow execution error",
        "options": {}
      }
    }
  ],
  "pinData": {},
  "connections": {},
  "name": "Errortrigger Workflow",
  "settings": {
    "executionOrder": "v1",
    "saveManualExecutions": true,
    "callerPolicy": "workflowsFromSameOwner",
    "errorWorkflow": null,
    "timezone": "UTC",
    "executionTimeout": 3600,
    "maxExecutions": 1000,
    "retryOnFail": true,
    "retryCount": 3,
    "retryDelay": 1000
  },
  "description": "Automated workflow: Errortrigger Workflow. This workflow integrates 3 different services: stickyNote, gmail, errorTrigger. It contains 4 nodes and follows best practices for error handling and security.",
  "meta": {
    "instanceId": "workflow-77dfed76",
    "versionId": "1.0.0",
    "createdAt": "2025-09-29T07:07:44.442745",
    "updatedAt": "2025-09-29T07:07:44.442755",
    "owner": "n8n-user",
    "license": "MIT",
    "category": "automation",
    "status": "active",
    "priority": "high",
    "environment": "production"
  },
  "tags": [
    "automation",
    "n8n",
    "production-ready",
    "excellent",
    "optimized"
  ],
  "notes": "Excellent quality workflow: Errortrigger Workflow. This workflow has been optimized for production use with comprehensive error handling, security, and documentation."
}