{
  "nodes": [
    {
      "name": "Box Trigger",
      "type": "n8n-nodes-base.boxTrigger",
      "position": [
        1027,
        368
      ],
      "webhookId": "0e56bb0c-8e81-42de-a902-c0ab31834bd8",
      "parameters": {
        "events": [
          "FOLDER.MOVED",
          "FOLDER.DOWNLOADED"
        ],
        "targetId": "118847708963",
        "targetType": "file"
      },
      "credentials": {
        "boxOAuth2Api": "box_creds"
      },
      "typeVersion": 1,
      "id": "f8aada0f-8e2e-43d2-a0f2-cf898dd5bdf5",
      "notes": "This boxTrigger node performs automated tasks as part of the workflow."
    },
    {
      "id": "error-7e63894b",
      "name": "Error Handler",
      "type": "n8n-nodes-base.stopAndError",
      "typeVersion": 1,
      "position": [
        1000,
        400
      ],
      "parameters": {
        "message": "Workflow execution error",
        "options": {}
      }
    }
  ],
  "connections": {},
  "name": "Boxtrigger Workflow",
  "description": "Automated workflow: Boxtrigger Workflow. This workflow processes data and performs automated tasks.",
  "settings": {
    "executionOrder": "v1",
    "saveManualExecutions": true,
    "callerPolicy": "workflowsFromSameOwner",
    "errorWorkflow": null,
    "timezone": "UTC",
    "executionTimeout": 3600,
    "maxExecutions": 1000,
    "retryOnFail": true,
    "retryCount": 3,
    "retryDelay": 1000
  },
  "meta": {
    "instanceId": "workflow-d12614cf",
    "versionId": "1.0.0",
    "createdAt": "2025-09-29T07:07:42.229463",
    "updatedAt": "2025-09-29T07:07:42.229475",
    "owner": "n8n-user",
    "license": "MIT",
    "category": "automation",
    "status": "active",
    "priority": "high",
    "environment": "production"
  },
  "tags": [
    "automation",
    "n8n",
    "production-ready",
    "excellent",
    "optimized"
  ],
  "notes": "Excellent quality workflow: Boxtrigger Workflow. This workflow has been optimized for production use with comprehensive error handling, security, and documentation."
}